04/01/1999,1.179
05/01/1999,1.179
06/01/1999,1.174
07/01/1999,1.163
08/01/1999,1.166
11/01/1999,1.157
12/01/1999,1.152
13/01/1999,1.174
14/01/1999,1.165
15/01/1999,1.163
18/01/1999,1.161
19/01/1999,1.162
20/01/1999,1.158
21/01/1999,1.157
22/01/1999,1.157
25/01/1999,1.158
26/01/1999,1.158
27/01/1999,1.153
28/01/1999,1.141
29/01/1999,1.138
01/02/1999,1.134
02/02/1999,1.134
03/02/1999,1.134
04/02/1999,1.126
05/02/1999,1.129
08/02/1999,1.125
09/02/1999,1.133
10/02/1999,1.134
11/02/1999,1.131
12/02/1999,1.124
15/02/1999,1.124
16/02/1999,1.118
17/02/1999,1.125
18/02/1999,1.123
19/02/1999,1.116
22/02/1999,1.099
23/02/1999,1.097
24/02/1999,1.104
25/02/1999,1.103
26/02/1999,1.102
01/03/1999,1.099
02/03/1999,1.089
03/03/1999,1.09
04/03/1999,1.087
05/03/1999,1.083
08/03/1999,1.091
09/03/1999,1.086
10/03/1999,1.095
11/03/1999,1.089
12/03/1999,1.093
15/03/1999,1.095
16/03/1999,1.09
17/03/1999,1.097
18/03/1999,1.101
19/03/1999,1.092
22/03/1999,1.086
23/03/1999,1.09
24/03/1999,1.093
25/03/1999,1.09
26/03/1999,1.082
29/03/1999,1.069
30/03/1999,1.071
31/03/1999,1.074
01/04/1999,1.077
02/04/1999,1.077
05/04/1999,1.075
06/04/1999,1.073
07/04/1999,1.081
08/04/1999,1.082
09/04/1999,1.078
12/04/1999,1.087
13/04/1999,1.077
14/04/1999,1.079
15/04/1999,1.079
16/04/1999,1.067
19/04/1999,1.064
20/04/1999,1.065
21/04/1999,1.059
22/04/1999,1.058
23/04/1999,1.063
26/04/1999,1.061
27/04/1999,1.063
28/04/1999,1.067
29/04/1999,1.06
30/04/1999,1.06
03/05/1999,1.059
04/05/1999,1.056
05/05/1999,1.067
06/05/1999,1.08
07/05/1999,1.079
10/05/1999,1.074
11/05/1999,1.073
12/05/1999,1.065
13/05/1999,1.062
14/05/1999,1.068
17/05/1999,1.069
18/05/1999,1.069
19/05/1999,1.063
20/05/1999,1.064
21/05/1999,1.057
24/05/1999,1.059
25/05/1999,1.063
26/05/1999,1.054
27/05/1999,1.047
28/05/1999,1.048
31/05/1999,1.046
01/06/1999,1.043
02/06/1999,1.038
03/06/1999,1.038
04/06/1999,1.032
07/06/1999,1.032
08/06/1999,1.039
09/06/1999,1.047
10/06/1999,1.047
11/06/1999,1.047
14/06/1999,1.044
15/06/1999,1.039
16/06/1999,1.035
17/06/1999,1.034
18/06/1999,1.039
21/06/1999,1.034
22/06/1999,1.031
23/06/1999,1.028
24/06/1999,1.032
25/06/1999,1.044
28/06/1999,1.039
29/06/1999,1.036
30/06/1999,1.033
01/07/1999,1.026
02/07/1999,1.024
05/07/1999,1.023
06/07/1999,1.022
07/07/1999,1.022
08/07/1999,1.018
09/07/1999,1.02
12/07/1999,1.012
13/07/1999,1.018
14/07/1999,1.017
15/07/1999,1.02
16/07/1999,1.02
19/07/1999,1.015
20/07/1999,1.041
21/07/1999,1.046
22/07/1999,1.05
23/07/1999,1.05
26/07/1999,1.07
27/07/1999,1.063
28/07/1999,1.06
29/07/1999,1.068
30/07/1999,1.069
02/08/1999,1.067
03/08/1999,1.065
04/08/1999,1.076
05/08/1999,1.079
06/08/1999,1.074
09/08/1999,1.071
10/08/1999,1.074
11/08/1999,1.067
12/08/1999,1.064
13/08/1999,1.067
16/08/1999,1.055
17/08/1999,1.053
18/08/1999,1.052
19/08/1999,1.052
20/08/1999,1.067
23/08/1999,1.061
24/08/1999,1.051
25/08/1999,1.043
26/08/1999,1.045
27/08/1999,1.045
30/08/1999,1.045
31/08/1999,1.057
01/09/1999,1.061
02/09/1999,1.066
03/09/1999,1.068
06/09/1999,1.059
07/09/1999,1.057
08/09/1999,1.061
09/09/1999,1.059
10/09/1999,1.052
13/09/1999,1.034
14/09/1999,1.036
15/09/1999,1.037
16/09/1999,1.037
17/09/1999,1.04
20/09/1999,1.041
21/09/1999,1.039
22/09/1999,1.051
23/09/1999,1.043
24/09/1999,1.048
27/09/1999,1.041
28/09/1999,1.048
29/09/1999,1.056
30/09/1999,1.067
01/10/1999,1.073
04/10/1999,1.072
05/10/1999,1.069
06/10/1999,1.074
07/10/1999,1.073
08/10/1999,1.066
11/10/1999,1.063
12/10/1999,1.067
13/10/1999,1.078
14/10/1999,1.076
15/10/1999,1.087
18/10/1999,1.087
19/10/1999,1.082
20/10/1999,1.078
21/10/1999,1.08
22/10/1999,1.076
25/10/1999,1.068
26/10/1999,1.063
27/10/1999,1.055
28/10/1999,1.053
29/10/1999,1.045
01/11/1999,1.057
02/11/1999,1.051
03/11/1999,1.049
04/11/1999,1.05
05/11/1999,1.041
08/11/1999,1.041
09/11/1999,1.042
10/11/1999,1.04
11/11/1999,1.041
12/11/1999,1.031
15/11/1999,1.03
16/11/1999,1.034
17/11/1999,1.041
18/11/1999,1.038
19/11/1999,1.028
22/11/1999,1.031
23/11/1999,1.032
24/11/1999,1.022
25/11/1999,1.019
26/11/1999,1.01
29/11/1999,1.008
30/11/1999,1.01
01/12/1999,1.009
02/12/1999,1.006
03/12/1999,1.002
06/12/1999,1.018
07/12/1999,1.024
08/12/1999,1.024
09/12/1999,1.018
10/12/1999,1.014
13/12/1999,1.013
14/12/1999,1.004
15/12/1999,1.002
16/12/1999,1.015
17/12/1999,1.013
20/12/1999,1.01
21/12/1999,1.008
22/12/1999,1.007
23/12/1999,1.009
24/12/1999,1.014
27/12/1999,1.013
28/12/1999,1.009
29/12/1999,1.007
30/12/1999,1.005
03/01/2000,1.009
04/01/2000,1.031
05/01/2000,1.037
06/01/2000,1.039
07/01/2000,1.028
10/01/2000,1.023
11/01/2000,1.026
12/01/2000,1.031
13/01/2000,1.028
14/01/2000,1.023
17/01/2000,1.009
18/01/2000,1.009
19/01/2000,1.011
20/01/2000,1.009
21/01/2000,1.01
24/01/2000,1.003
25/01/2000,1.001
26/01/2000,1.002
27/01/2000,0.998
28/01/2000,0.985
31/01/2000,0.979
01/02/2000,0.971
02/02/2000,0.972
03/02/2000,0.975
04/02/2000,0.984
07/02/2000,0.977
08/02/2000,0.99
09/02/2000,0.993
10/02/2000,0.987
11/02/2000,0.98
14/02/2000,0.987
15/02/2000,0.978
16/02/2000,0.98
17/02/2000,0.992
18/02/2000,0.986
21/02/2000,0.986
22/02/2000,1.002
23/02/2000,1.007
24/02/2000,0.99
25/02/2000,0.981
28/02/2000,0.964
29/02/2000,0.971
01/03/2000,0.967
02/03/2000,0.973
03/03/2000,0.966
06/03/2000,0.964
07/03/2000,0.959
08/03/2000,0.954
09/03/2000,0.962
10/03/2000,0.961
13/03/2000,0.972
14/03/2000,0.962
15/03/2000,0.965
16/03/2000,0.966
17/03/2000,0.967
20/03/2000,0.972
21/03/2000,0.97
22/03/2000,0.96
23/03/2000,0.966
24/03/2000,0.972
27/03/2000,0.971
28/03/2000,0.965
29/03/2000,0.957
30/03/2000,0.956
31/03/2000,0.955
03/04/2000,0.956
04/04/2000,0.954
05/04/2000,0.967
06/04/2000,0.963
07/04/2000,0.956
10/04/2000,0.959
11/04/2000,0.959
12/04/2000,0.958
13/04/2000,0.954
14/04/2000,0.954
17/04/2000,0.957
18/04/2000,0.95
19/04/2000,0.946
20/04/2000,0.938
25/04/2000,0.93
26/04/2000,0.919
27/04/2000,0.916
28/04/2000,0.909
02/05/2000,0.912
03/05/2000,0.891
04/05/2000,0.895
05/05/2000,0.898
08/05/2000,0.895
09/05/2000,0.898
10/05/2000,0.911
11/05/2000,0.908
12/05/2000,0.903
15/05/2000,0.915
16/05/2000,0.907
17/05/2000,0.892
18/05/2000,0.894
19/05/2000,0.888
22/05/2000,0.9
23/05/2000,0.911
24/05/2000,0.91
25/05/2000,0.898
26/05/2000,0.914
29/05/2000,0.926
30/05/2000,0.936
31/05/2000,0.93
01/06/2000,0.933
02/06/2000,0.936
05/06/2000,0.943
06/06/2000,0.949
07/06/2000,0.955
08/06/2000,0.967
09/06/2000,0.949
12/06/2000,0.953
13/06/2000,0.958
14/06/2000,0.964
15/06/2000,0.952
16/06/2000,0.957
19/06/2000,0.964
20/06/2000,0.954
21/06/2000,0.947
22/06/2000,0.941
23/06/2000,0.941
26/06/2000,0.933
27/06/2000,0.94
28/06/2000,0.942
29/06/2000,0.95
30/06/2000,0.956
03/07/2000,0.949
04/07/2000,0.949
05/07/2000,0.954
06/07/2000,0.954
07/07/2000,0.948
10/07/2000,0.952
11/07/2000,0.953
12/07/2000,0.95
13/07/2000,0.935
14/07/2000,0.934
17/07/2000,0.935
18/07/2000,0.935
19/07/2000,0.922
20/07/2000,0.922
21/07/2000,0.936
24/07/2000,0.933
25/07/2000,0.941
26/07/2000,0.939
27/07/2000,0.939
28/07/2000,0.928
31/07/2000,0.924
01/08/2000,0.926
02/08/2000,0.914
03/08/2000,0.903
04/08/2000,0.903
07/08/2000,0.908
08/08/2000,0.905
09/08/2000,0.897
10/08/2000,0.903
11/08/2000,0.913
14/08/2000,0.901
15/08/2000,0.912
16/08/2000,0.907
17/08/2000,0.914
18/08/2000,0.913
21/08/2000,0.902
22/08/2000,0.897
23/08/2000,0.892
24/08/2000,0.901
25/08/2000,0.902
28/08/2000,0.901
29/08/2000,0.897
30/08/2000,0.891
31/08/2000,0.891
01/09/2000,0.89
04/09/2000,0.9
05/09/2000,0.889
06/09/2000,0.882
07/09/2000,0.868
08/09/2000,0.874
11/09/2000,0.861
12/09/2000,0.861
13/09/2000,0.865
14/09/2000,0.869
15/09/2000,0.862
18/09/2000,0.853
19/09/2000,0.854
20/09/2000,0.848
21/09/2000,0.852
22/09/2000,0.889
25/09/2000,0.877
26/09/2000,0.876
27/09/2000,0.886
28/09/2000,0.883
29/09/2000,0.877
02/10/2000,0.88
03/10/2000,0.876
04/10/2000,0.873
05/10/2000,0.879
06/10/2000,0.87
09/10/2000,0.87
10/10/2000,0.872
11/10/2000,0.872
12/10/2000,0.865
13/10/2000,0.863
16/10/2000,0.851
17/10/2000,0.85
18/10/2000,0.853
19/10/2000,0.841
20/10/2000,0.845
23/10/2000,0.838
24/10/2000,0.839
25/10/2000,0.831
26/10/2000,0.825
27/10/2000,0.832
30/10/2000,0.848
31/10/2000,0.842
01/11/2000,0.855
02/11/2000,0.865
03/11/2000,0.873
06/11/2000,0.867
07/11/2000,0.859
08/11/2000,0.856
09/11/2000,0.853
10/11/2000,0.867
13/11/2000,0.862
14/11/2000,0.858
15/11/2000,0.86
16/11/2000,0.857
17/11/2000,0.854
20/11/2000,0.849
21/11/2000,0.847
22/11/2000,0.843
23/11/2000,0.843
24/11/2000,0.844
27/11/2000,0.841
28/11/2000,0.856
29/11/2000,0.865
30/11/2000,0.868
01/12/2000,0.874
04/12/2000,0.891
05/12/2000,0.881
06/12/2000,0.883
07/12/2000,0.894
08/12/2000,0.89
11/12/2000,0.88
12/12/2000,0.878
13/12/2000,0.875
14/12/2000,0.884
15/12/2000,0.898
18/12/2000,0.897
19/12/2000,0.89
20/12/2000,0.906
21/12/2000,0.915
22/12/2000,0.924
27/12/2000,0.931
28/12/2000,0.929
29/12/2000,0.931
02/01/2001,0.942
03/01/2001,0.953
04/01/2001,0.946
05/01/2001,0.955
08/01/2001,0.95
09/01/2001,0.94
10/01/2001,0.941
11/01/2001,0.952
12/01/2001,0.955
15/01/2001,0.943
16/01/2001,0.941
17/01/2001,0.94
18/01/2001,0.94
19/01/2001,0.94
22/01/2001,0.929
23/01/2001,0.941
24/01/2001,0.929
25/01/2001,0.915
26/01/2001,0.923
29/01/2001,0.919
30/01/2001,0.92
31/01/2001,0.929
01/02/2001,0.941
02/02/2001,0.941
05/02/2001,0.943
06/02/2001,0.932
07/02/2001,0.933
08/02/2001,0.922
09/02/2001,0.923
12/02/2001,0.929
13/02/2001,0.928
14/02/2001,0.918
15/02/2001,0.909
16/02/2001,0.911
19/02/2001,0.921
20/02/2001,0.907
21/02/2001,0.915
22/02/2001,0.906
23/02/2001,0.906
26/02/2001,0.911
27/02/2001,0.916
28/02/2001,0.925
01/03/2001,0.927
02/03/2001,0.936
05/03/2001,0.931
06/03/2001,0.928
07/03/2001,0.931
08/03/2001,0.931
09/03/2001,0.936
12/03/2001,0.927
13/03/2001,0.92
14/03/2001,0.918
15/03/2001,0.906
16/03/2001,0.895
19/03/2001,0.9
20/03/2001,0.902
21/03/2001,0.899
22/03/2001,0.889
23/03/2001,0.892
26/03/2001,0.894
27/03/2001,0.895
28/03/2001,0.886
29/03/2001,0.884
30/03/2001,0.883
02/04/2001,0.877
03/04/2001,0.885
04/04/2001,0.903
05/04/2001,0.902
06/04/2001,0.894
09/04/2001,0.902
10/04/2001,0.895
11/04/2001,0.884
12/04/2001,0.885
17/04/2001,0.879
18/04/2001,0.878
19/04/2001,0.883
20/04/2001,0.899
23/04/2001,0.9
24/04/2001,0.897
25/04/2001,0.895
26/04/2001,0.901
27/04/2001,0.902
30/04/2001,0.888
02/05/2001,0.891
03/05/2001,0.89
04/05/2001,0.894
07/05/2001,0.892
08/05/2001,0.887
09/05/2001,0.883
10/05/2001,0.885
11/05/2001,0.877
14/05/2001,0.875
15/05/2001,0.877
16/05/2001,0.883
17/05/2001,0.882
18/05/2001,0.878
21/05/2001,0.875
22/05/2001,0.869
23/05/2001,0.859
24/05/2001,0.86
25/05/2001,0.859
28/05/2001,0.858
29/05/2001,0.855
30/05/2001,0.856
31/05/2001,0.848
01/06/2001,0.848
04/06/2001,0.851
05/06/2001,0.847
06/06/2001,0.854
07/06/2001,0.847
08/06/2001,0.847
11/06/2001,0.849
12/06/2001,0.847
13/06/2001,0.854
14/06/2001,0.849
15/06/2001,0.866
18/06/2001,0.858
19/06/2001,0.856
20/06/2001,0.851
21/06/2001,0.855
22/06/2001,0.853
25/06/2001,0.861
26/06/2001,0.861
27/06/2001,0.862
28/06/2001,0.851
29/06/2001,0.848
02/07/2001,0.846
03/07/2001,0.85
04/07/2001,0.845
05/07/2001,0.842
06/07/2001,0.838
09/07/2001,0.846
10/07/2001,0.855
11/07/2001,0.861
12/07/2001,0.854
13/07/2001,0.854
16/07/2001,0.858
17/07/2001,0.852
18/07/2001,0.863
19/07/2001,0.872
20/07/2001,0.878
23/07/2001,0.868
24/07/2001,0.871
25/07/2001,0.879
26/07/2001,0.876
27/07/2001,0.877
30/07/2001,0.875
31/07/2001,0.876
01/08/2001,0.882
02/08/2001,0.879
03/08/2001,0.881
06/08/2001,0.881
07/08/2001,0.877
08/08/2001,0.876
09/08/2001,0.885
10/08/2001,0.894
13/08/2001,0.899
14/08/2001,0.897
15/08/2001,0.911
16/08/2001,0.914
17/08/2001,0.914
20/08/2001,0.915
21/08/2001,0.913
22/08/2001,0.922
23/08/2001,0.911
24/08/2001,0.911
27/08/2001,0.909
28/08/2001,0.904
29/08/2001,0.912
30/08/2001,0.91
31/08/2001,0.916
03/09/2001,0.907
04/09/2001,0.897
05/09/2001,0.889
06/09/2001,0.886
07/09/2001,0.895
10/09/2001,0.905
11/09/2001,0.896
12/09/2001,0.905
13/09/2001,0.906
14/09/2001,0.922
17/09/2001,0.927
18/09/2001,0.926
19/09/2001,0.926
20/09/2001,0.926
21/09/2001,0.92
24/09/2001,0.916
25/09/2001,0.918
26/09/2001,0.922
27/09/2001,0.921
28/09/2001,0.913
01/10/2001,0.913
02/10/2001,0.919
03/10/2001,0.921
04/10/2001,0.912
05/10/2001,0.917
08/10/2001,0.921
09/10/2001,0.919
10/10/2001,0.914
11/10/2001,0.906
12/10/2001,0.904
15/10/2001,0.91
16/10/2001,0.905
17/10/2001,0.902
18/10/2001,0.903
19/10/2001,0.901
22/10/2001,0.897
23/10/2001,0.889
24/10/2001,0.892
25/10/2001,0.889
26/10/2001,0.891
29/10/2001,0.901
30/10/2001,0.906
31/10/2001,0.904
01/11/2001,0.91
02/11/2001,0.906
05/11/2001,0.896
06/11/2001,0.896
07/11/2001,0.901
08/11/2001,0.897
09/11/2001,0.893
12/11/2001,0.892
13/11/2001,0.884
14/11/2001,0.88
15/11/2001,0.883
16/11/2001,0.885
19/11/2001,0.879
20/11/2001,0.882
21/11/2001,0.879
22/11/2001,0.878
23/11/2001,0.88
26/11/2001,0.882
27/11/2001,0.879
28/11/2001,0.883
29/11/2001,0.889
30/11/2001,0.89
03/12/2001,0.893
04/12/2001,0.89
05/12/2001,0.892
06/12/2001,0.889
07/12/2001,0.891
10/12/2001,0.885
11/12/2001,0.891
12/12/2001,0.894
13/12/2001,0.898
14/12/2001,0.902
17/12/2001,0.905
18/12/2001,0.901
19/12/2001,0.898
20/12/2001,0.897
21/12/2001,0.894
24/12/2001,0.88
27/12/2001,0.882
28/12/2001,0.881
02/01/2002,0.904
03/01/2002,0.904
04/01/2002,0.895
07/01/2002,0.891
08/01/2002,0.891
09/01/2002,0.892
10/01/2002,0.891
11/01/2002,0.892
14/01/2002,0.893
15/01/2002,0.892
16/01/2002,0.882
17/01/2002,0.882
18/01/2002,0.881
21/01/2002,0.884
22/01/2002,0.883
23/01/2002,0.886
24/01/2002,0.877
25/01/2002,0.866
28/01/2002,0.858
29/01/2002,0.862
30/01/2002,0.864
31/01/2002,0.864
01/02/2002,0.863
04/02/2002,0.864
05/02/2002,0.868
06/02/2002,0.866
07/02/2002,0.866
08/02/2002,0.874
11/02/2002,0.879
12/02/2002,0.875
13/02/2002,0.873
14/02/2002,0.869
15/02/2002,0.871
18/02/2002,0.872
19/02/2002,0.869
20/02/2002,0.874
21/02/2002,0.87
22/02/2002,0.875
25/02/2002,0.872
26/02/2002,0.868
27/02/2002,0.865
28/02/2002,0.865
01/03/2002,0.868
04/03/2002,0.865
05/03/2002,0.868
06/03/2002,0.871
07/03/2002,0.876
08/03/2002,0.88
11/03/2002,0.874
12/03/2002,0.873
13/03/2002,0.873
14/03/2002,0.88
15/03/2002,0.885
18/03/2002,0.879
19/03/2002,0.883
20/03/2002,0.881
21/03/2002,0.882
22/03/2002,0.88
25/03/2002,0.876
26/03/2002,0.874
27/03/2002,0.875
28/03/2002,0.872
02/04/2002,0.879
03/04/2002,0.88
04/04/2002,0.882
05/04/2002,0.879
08/04/2002,0.878
09/04/2002,0.876
10/04/2002,0.88
11/04/2002,0.879
12/04/2002,0.88
15/04/2002,0.88
16/04/2002,0.88
17/04/2002,0.888
18/04/2002,0.89
19/04/2002,0.889
22/04/2002,0.888
23/04/2002,0.887
24/04/2002,0.889
25/04/2002,0.897
26/04/2002,0.897
29/04/2002,0.904
30/04/2002,0.901
02/05/2002,0.903
03/05/2002,0.908
06/05/2002,0.914
07/05/2002,0.913
08/05/2002,0.909
09/05/2002,0.906
10/05/2002,0.912
13/05/2002,0.912
14/05/2002,0.906
15/05/2002,0.903
16/05/2002,0.912
17/05/2002,0.915
20/05/2002,0.92
21/05/2002,0.921
22/05/2002,0.926
23/05/2002,0.921
24/05/2002,0.919
27/05/2002,0.919
28/05/2002,0.926
29/05/2002,0.932
30/05/2002,0.938
31/05/2002,0.939
03/06/2002,0.931
04/06/2002,0.944
05/06/2002,0.937
06/06/2002,0.939
07/06/2002,0.945
10/06/2002,0.946
11/06/2002,0.942
12/06/2002,0.945
13/06/2002,0.942
14/06/2002,0.948
17/06/2002,0.943
18/06/2002,0.948
19/06/2002,0.956
20/06/2002,0.959
21/06/2002,0.964
24/06/2002,0.978
25/06/2002,0.971
26/06/2002,0.992
27/06/2002,0.982
28/06/2002,0.998
01/07/2002,0.991
02/07/2002,0.984
03/07/2002,0.978
04/07/2002,0.979
05/07/2002,0.973
08/07/2002,0.983
09/07/2002,0.993
10/07/2002,0.99
11/07/2002,0.984
12/07/2002,0.987
15/07/2002,1.002
16/07/2002,1.013
17/07/2002,1.006
18/07/2002,1.006
19/07/2002,1.015
22/07/2002,1.009
23/07/2002,0.991
24/07/2002,0.992
25/07/2002,1.001
26/07/2002,1.001
29/07/2002,0.982
30/07/2002,0.984
31/07/2002,0.978
01/08/2002,0.976
02/08/2002,0.987
05/08/2002,0.984
06/08/2002,0.969
07/08/2002,0.97
08/08/2002,0.969
09/08/2002,0.973
12/08/2002,0.978
13/08/2002,0.98
14/08/2002,0.986
15/08/2002,0.978
16/08/2002,0.983
19/08/2002,0.98
20/08/2002,0.979
21/08/2002,0.976
22/08/2002,0.977
23/08/2002,0.97
26/08/2002,0.97
27/08/2002,0.977
28/08/2002,0.983
29/08/2002,0.984
30/08/2002,0.983
02/09/2002,0.982
03/09/2002,0.991
04/09/2002,0.995
05/09/2002,0.998
06/09/2002,0.992
09/09/2002,0.979
10/09/2002,0.976
11/09/2002,0.975
12/09/2002,0.976
13/09/2002,0.981
16/09/2002,0.968
17/09/2002,0.965
18/09/2002,0.973
19/09/2002,0.981
20/09/2002,0.979
23/09/2002,0.983
24/09/2002,0.983
25/09/2002,0.977
26/09/2002,0.98
27/09/2002,0.978
30/09/2002,0.986
01/10/2002,0.986
02/10/2002,0.984
03/10/2002,0.989
04/10/2002,0.987
07/10/2002,0.981
08/10/2002,0.98
09/10/2002,0.981
10/10/2002,0.988
11/10/2002,0.986
14/10/2002,0.987
15/10/2002,0.981
16/10/2002,0.982
17/10/2002,0.976
18/10/2002,0.974
21/10/2002,0.975
22/10/2002,0.977
23/10/2002,0.978
24/10/2002,0.974
25/10/2002,0.976
28/10/2002,0.975
29/10/2002,0.982
30/10/2002,0.983
31/10/2002,0.986
01/11/2002,0.997
04/11/2002,0.994
05/11/2002,1.002
06/11/2002,0.996
07/11/2002,1.001
08/11/2002,1.011
11/11/2002,1.013
12/11/2002,1.008
13/11/2002,1.007
14/11/2002,1.01
15/11/2002,1.003
18/11/2002,1.007
19/11/2002,1.013
20/11/2002,1.002
21/11/2002,1.003
22/11/2002,1.002
25/11/2002,0.991
26/11/2002,0.991
27/11/2002,0.993
28/11/2002,0.993
29/11/2002,0.993
02/12/2002,0.987
03/12/2002,0.997
04/12/2002,1.002
05/12/2002,0.999
06/12/2002,1.001
09/12/2002,1.009
10/12/2002,1.011
11/12/2002,1.007
12/12/2002,1.016
13/12/2002,1.022
16/12/2002,1.021
17/12/2002,1.031
18/12/2002,1.024
19/12/2002,1.027
20/12/2002,1.026
23/12/2002,1.028
24/12/2002,1.03
27/12/2002,1.038
30/12/2002,1.042
31/12/2002,1.049
02/01/2003,1.045
03/01/2003,1.039
06/01/2003,1.049
07/01/2003,1.043
08/01/2003,1.038
09/01/2003,1.051
10/01/2003,1.05
13/01/2003,1.055
14/01/2003,1.058
15/01/2003,1.053
16/01/2003,1.056
17/01/2003,1.065
20/01/2003,1.065
21/01/2003,1.065
22/01/2003,1.072
23/01/2003,1.076
24/01/2003,1.078
27/01/2003,1.087
28/01/2003,1.081
29/01/2003,1.087
30/01/2003,1.075
31/01/2003,1.082
03/02/2003,1.073
04/02/2003,1.082
05/02/2003,1.091
06/02/2003,1.081
07/02/2003,1.079
10/02/2003,1.081
11/02/2003,1.071
12/02/2003,1.073
13/02/2003,1.076
14/02/2003,1.079
17/02/2003,1.072
18/02/2003,1.071
19/02/2003,1.072
20/02/2003,1.076
21/02/2003,1.084
24/02/2003,1.072
25/02/2003,1.077
26/02/2003,1.075
27/02/2003,1.082
28/02/2003,1.078
03/03/2003,1.08
04/03/2003,1.092
05/03/2003,1.097
06/03/2003,1.096
07/03/2003,1.104
10/03/2003,1.104
11/03/2003,1.108
12/03/2003,1.103
13/03/2003,1.086
14/03/2003,1.078
17/03/2003,1.08
18/03/2003,1.059
19/03/2003,1.057
20/03/2003,1.059
21/03/2003,1.057
24/03/2003,1.063
25/03/2003,1.069
26/03/2003,1.067
27/03/2003,1.072
28/03/2003,1.073
31/03/2003,1.09
01/04/2003,1.089
02/04/2003,1.083
03/04/2003,1.07
04/04/2003,1.072
07/04/2003,1.058
08/04/2003,1.066
09/04/2003,1.074
10/04/2003,1.081
11/04/2003,1.074
14/04/2003,1.074
15/04/2003,1.078
16/04/2003,1.084
17/04/2003,1.092
22/04/2003,1.097
23/04/2003,1.094
24/04/2003,1.101
25/04/2003,1.097
28/04/2003,1.103
29/04/2003,1.096
30/04/2003,1.113
02/05/2003,1.124
05/05/2003,1.122
06/05/2003,1.134
07/05/2003,1.143
08/05/2003,1.144
09/05/2003,1.147
12/05/2003,1.16
13/05/2003,1.152
14/05/2003,1.15
15/05/2003,1.146
16/05/2003,1.149
19/05/2003,1.165
20/05/2003,1.164
21/05/2003,1.169
22/05/2003,1.172
23/05/2003,1.179
26/05/2003,1.181
27/05/2003,1.19
28/05/2003,1.174
29/05/2003,1.176
30/05/2003,1.182
02/06/2003,1.167
03/06/2003,1.172
04/06/2003,1.169
05/06/2003,1.178
06/06/2003,1.181
09/06/2003,1.173
10/06/2003,1.17
11/06/2003,1.175
12/06/2003,1.173
13/06/2003,1.175
16/06/2003,1.185
17/06/2003,1.18
18/06/2003,1.17
19/06/2003,1.166
20/06/2003,1.166
23/06/2003,1.154
24/06/2003,1.157
25/06/2003,1.155
26/06/2003,1.143
27/06/2003,1.141
30/06/2003,1.143
01/07/2003,1.154
02/07/2003,1.154
03/07/2003,1.146
04/07/2003,1.147
07/07/2003,1.136
08/07/2003,1.133
09/07/2003,1.136
10/07/2003,1.134
11/07/2003,1.132
14/07/2003,1.13
15/07/2003,1.132
16/07/2003,1.114
17/07/2003,1.123
18/07/2003,1.121
21/07/2003,1.128
22/07/2003,1.134
23/07/2003,1.14
24/07/2003,1.147
25/07/2003,1.148
28/07/2003,1.149
29/07/2003,1.146
30/07/2003,1.142
31/07/2003,1.132
01/08/2003,1.117
04/08/2003,1.131
05/08/2003,1.133
06/08/2003,1.139
07/08/2003,1.135
08/08/2003,1.133
11/08/2003,1.13
12/08/2003,1.131
13/08/2003,1.128
14/08/2003,1.127
15/08/2003,1.125
18/08/2003,1.119
19/08/2003,1.107
20/08/2003,1.111
21/08/2003,1.101
22/08/2003,1.089
25/08/2003,1.089
26/08/2003,1.082
27/08/2003,1.091
28/08/2003,1.083
29/08/2003,1.093
01/09/2003,1.097
02/09/2003,1.085
03/09/2003,1.078
04/09/2003,1.082
05/09/2003,1.092
08/09/2003,1.107
09/09/2003,1.114
10/09/2003,1.117
11/09/2003,1.122
12/09/2003,1.117
15/09/2003,1.128
16/09/2003,1.124
17/09/2003,1.121
18/09/2003,1.129
19/09/2003,1.131
22/09/2003,1.147
23/09/2003,1.146
24/09/2003,1.147
25/09/2003,1.149
26/09/2003,1.149
29/09/2003,1.141
30/09/2003,1.165
01/10/2003,1.167
02/10/2003,1.169
03/10/2003,1.169
06/10/2003,1.158
07/10/2003,1.177
08/10/2003,1.178
09/10/2003,1.179
10/10/2003,1.179
13/10/2003,1.169
14/10/2003,1.163
15/10/2003,1.167
16/10/2003,1.162
17/10/2003,1.158
20/10/2003,1.163
21/10/2003,1.162
22/10/2003,1.169
23/10/2003,1.179
24/10/2003,1.178
27/10/2003,1.175
28/10/2003,1.167
29/10/2003,1.168
30/10/2003,1.174
31/10/2003,1.162
03/11/2003,1.159
04/11/2003,1.147
05/11/2003,1.147
06/11/2003,1.145
07/11/2003,1.142
10/11/2003,1.148
11/11/2003,1.15
12/11/2003,1.16
13/11/2003,1.168
14/11/2003,1.177
17/11/2003,1.18
18/11/2003,1.178
19/11/2003,1.191
20/11/2003,1.191
21/11/2003,1.19
24/11/2003,1.182
25/11/2003,1.177
26/11/2003,1.183
27/11/2003,1.19
28/11/2003,1.199
01/12/2003,1.202
02/12/2003,1.198
03/12/2003,1.21
04/12/2003,1.207
05/12/2003,1.209
08/12/2003,1.222
09/12/2003,1.226
10/12/2003,1.224
11/12/2003,1.219
12/12/2003,1.225
15/12/2003,1.223
16/12/2003,1.234
17/12/2003,1.234
18/12/2003,1.24
19/12/2003,1.242
22/12/2003,1.243
23/12/2003,1.239
24/12/2003,1.241
29/12/2003,1.25
30/12/2003,1.25
31/12/2003,1.263
02/01/2004,1.259
05/01/2004,1.266
06/01/2004,1.276
07/01/2004,1.268
08/01/2004,1.263
09/01/2004,1.274
12/01/2004,1.283
13/01/2004,1.275
14/01/2004,1.269
15/01/2004,1.264
16/01/2004,1.249
19/01/2004,1.237
20/01/2004,1.254
21/01/2004,1.261
22/01/2004,1.271
23/01/2004,1.269
26/01/2004,1.258
27/01/2004,1.252
28/01/2004,1.256
29/01/2004,1.247
30/01/2004,1.238
02/02/2004,1.246
03/02/2004,1.259
04/02/2004,1.252
05/02/2004,1.258
06/02/2004,1.253
09/02/2004,1.271
10/02/2004,1.276
11/02/2004,1.268
12/02/2004,1.28
13/02/2004,1.282
16/02/2004,1.274
17/02/2004,1.286
18/02/2004,1.282
19/02/2004,1.272
20/02/2004,1.266
23/02/2004,1.258
24/02/2004,1.26
25/02/2004,1.263
26/02/2004,1.244
27/02/2004,1.242
01/03/2004,1.248
02/03/2004,1.24
03/03/2004,1.214
04/03/2004,1.215
05/03/2004,1.219
08/03/2004,1.236
09/03/2004,1.236
10/03/2004,1.23
11/03/2004,1.226
12/03/2004,1.224
15/03/2004,1.228
16/03/2004,1.235
17/03/2004,1.225
18/03/2004,1.226
19/03/2004,1.234
22/03/2004,1.235
23/03/2004,1.228
24/03/2004,1.22
25/03/2004,1.213
26/03/2004,1.217
29/03/2004,1.212
30/03/2004,1.219
31/03/2004,1.222
01/04/2004,1.232
02/04/2004,1.232
05/04/2004,1.206
06/04/2004,1.209
07/04/2004,1.21
08/04/2004,1.21
13/04/2004,1.198
14/04/2004,1.192
15/04/2004,1.191
16/04/2004,1.193
19/04/2004,1.204
20/04/2004,1.193
21/04/2004,1.184
22/04/2004,1.187
23/04/2004,1.189
26/04/2004,1.185
27/04/2004,1.189
28/04/2004,1.191
29/04/2004,1.183
30/04/2004,1.195
03/05/2004,1.195
04/05/2004,1.206
05/05/2004,1.213
06/05/2004,1.212
07/05/2004,1.207
10/05/2004,1.184
11/05/2004,1.18
12/05/2004,1.186
13/05/2004,1.182
14/05/2004,1.18
17/05/2004,1.202
18/05/2004,1.198
19/05/2004,1.199
20/05/2004,1.192
21/05/2004,1.203
24/05/2004,1.197
25/05/2004,1.206
26/05/2004,1.211
27/05/2004,1.217
28/05/2004,1.225
31/05/2004,1.22
01/06/2004,1.223
02/06/2004,1.228
03/06/2004,1.223
04/06/2004,1.22
07/06/2004,1.232
08/06/2004,1.229
09/06/2004,1.216
10/06/2004,1.205
11/06/2004,1.201
14/06/2004,1.2
15/06/2004,1.205
16/06/2004,1.206
17/06/2004,1.205
18/06/2004,1.204
21/06/2004,1.211
22/06/2004,1.209
23/06/2004,1.209
24/06/2004,1.212
25/06/2004,1.214
28/06/2004,1.221
29/06/2004,1.217
30/06/2004,1.216
01/07/2004,1.217
02/07/2004,1.215
05/07/2004,1.229
06/07/2004,1.231
07/07/2004,1.236
08/07/2004,1.235
09/07/2004,1.237
12/07/2004,1.24
13/07/2004,1.237
14/07/2004,1.238
15/07/2004,1.237
16/07/2004,1.235
19/07/2004,1.241
20/07/2004,1.239
21/07/2004,1.23
22/07/2004,1.227
23/07/2004,1.219
26/07/2004,1.216
27/07/2004,1.217
28/07/2004,1.203
29/07/2004,1.203
30/07/2004,1.204
02/08/2004,1.206
03/08/2004,1.202
04/08/2004,1.198
05/08/2004,1.204
06/08/2004,1.206
09/08/2004,1.225
10/08/2004,1.228
11/08/2004,1.223
12/08/2004,1.226
13/08/2004,1.222
16/08/2004,1.234
17/08/2004,1.234
18/08/2004,1.233
19/08/2004,1.236
20/08/2004,1.229
23/08/2004,1.225
24/08/2004,1.214
25/08/2004,1.208
26/08/2004,1.21
27/08/2004,1.209
30/08/2004,1.205
31/08/2004,1.211
01/09/2004,1.217
02/09/2004,1.217
03/09/2004,1.218
06/09/2004,1.207
07/09/2004,1.208
08/09/2004,1.204
09/09/2004,1.219
10/09/2004,1.222
13/09/2004,1.224
14/09/2004,1.224
15/09/2004,1.224
16/09/2004,1.216
17/09/2004,1.221
20/09/2004,1.213
21/09/2004,1.228
22/09/2004,1.225
23/09/2004,1.232
24/09/2004,1.231
27/09/2004,1.225
28/09/2004,1.234
29/09/2004,1.232
30/09/2004,1.241
01/10/2004,1.241
04/10/2004,1.231
05/10/2004,1.23
06/10/2004,1.228
07/10/2004,1.23
08/10/2004,1.232
11/10/2004,1.239
12/10/2004,1.231
13/10/2004,1.227
14/10/2004,1.238
15/10/2004,1.241
18/10/2004,1.247
19/10/2004,1.251
20/10/2004,1.259
21/10/2004,1.261
22/10/2004,1.261
25/10/2004,1.279
26/10/2004,1.278
27/10/2004,1.279
28/10/2004,1.271
29/10/2004,1.274
01/11/2004,1.275
02/11/2004,1.271
03/11/2004,1.275
04/11/2004,1.287
05/11/2004,1.286
08/11/2004,1.292
09/11/2004,1.291
10/11/2004,1.298
11/11/2004,1.289
12/11/2004,1.292
15/11/2004,1.296
16/11/2004,1.297
17/11/2004,1.303
18/11/2004,1.302
19/11/2004,1.302
22/11/2004,1.303
23/11/2004,1.309
24/11/2004,1.315
25/11/2004,1.321
26/11/2004,1.324
29/11/2004,1.325
30/11/2004,1.33
01/12/2004,1.329
02/12/2004,1.331
03/12/2004,1.33
06/12/2004,1.344
07/12/2004,1.346
08/12/2004,1.33
09/12/2004,1.331
10/12/2004,1.319
13/12/2004,1.327
14/12/2004,1.332
15/12/2004,1.338
16/12/2004,1.34
17/12/2004,1.326
20/12/2004,1.338
21/12/2004,1.339
22/12/2004,1.338
23/12/2004,1.346
24/12/2004,1.354
27/12/2004,1.353
28/12/2004,1.363
29/12/2004,1.361
30/12/2004,1.36
31/12/2004,1.362
03/01/2005,1.351
04/01/2005,1.337
05/01/2005,1.322
06/01/2005,1.318
07/01/2005,1.32
10/01/2005,1.31
11/01/2005,1.314
12/01/2005,1.314
13/01/2005,1.323
14/01/2005,1.309
17/01/2005,1.309
18/01/2005,1.306
19/01/2005,1.308
20/01/2005,1.294
21/01/2005,1.296
24/01/2005,1.307
25/01/2005,1.303
26/01/2005,1.301
27/01/2005,1.303
28/01/2005,1.304
31/01/2005,1.304
01/02/2005,1.303
02/02/2005,1.306
03/02/2005,1.3
04/02/2005,1.296
07/02/2005,1.284
08/02/2005,1.276
09/02/2005,1.276
10/02/2005,1.278
11/02/2005,1.286
14/02/2005,1.297
15/02/2005,1.302
16/02/2005,1.304
17/02/2005,1.304
18/02/2005,1.304
21/02/2005,1.306
22/02/2005,1.319
23/02/2005,1.32
24/02/2005,1.326
25/02/2005,1.317
28/02/2005,1.326
01/03/2005,1.322
02/03/2005,1.31
03/03/2005,1.314
04/03/2005,1.312
07/03/2005,1.32
08/03/2005,1.325
09/03/2005,1.335
10/03/2005,1.341
11/03/2005,1.342
14/03/2005,1.337
15/03/2005,1.338
16/03/2005,1.337
17/03/2005,1.338
18/03/2005,1.328
21/03/2005,1.32
22/03/2005,1.318
23/03/2005,1.305
24/03/2005,1.298
29/03/2005,1.293
30/03/2005,1.294
31/03/2005,1.296
01/04/2005,1.296
04/04/2005,1.288
05/04/2005,1.281
06/04/2005,1.286
07/04/2005,1.292
08/04/2005,1.282
11/04/2005,1.297
12/04/2005,1.299
13/04/2005,1.292
14/04/2005,1.282
15/04/2005,1.287
18/04/2005,1.297
19/04/2005,1.3
20/04/2005,1.305
21/04/2005,1.306
22/04/2005,1.308
25/04/2005,1.297
26/04/2005,1.298
27/04/2005,1.292
28/04/2005,1.291
29/04/2005,1.296
02/05/2005,1.286
03/05/2005,1.286
04/05/2005,1.295
05/05/2005,1.295
06/05/2005,1.295
09/05/2005,1.282
10/05/2005,1.285
11/05/2005,1.288
12/05/2005,1.277
13/05/2005,1.264
16/05/2005,1.262
17/05/2005,1.264
18/05/2005,1.262
19/05/2005,1.264
20/05/2005,1.261
23/05/2005,1.255
24/05/2005,1.262
25/05/2005,1.256
26/05/2005,1.252
27/05/2005,1.255
30/05/2005,1.247
31/05/2005,1.233
01/06/2005,1.223
02/06/2005,1.226
03/06/2005,1.229
06/06/2005,1.227
07/06/2005,1.229
08/06/2005,1.232
09/06/2005,1.224
10/06/2005,1.223
13/06/2005,1.206
14/06/2005,1.211
15/06/2005,1.207
16/06/2005,1.212
17/06/2005,1.218
20/06/2005,1.221
21/06/2005,1.209
22/06/2005,1.211
23/06/2005,1.207
24/06/2005,1.208
27/06/2005,1.216
28/06/2005,1.21
29/06/2005,1.205
30/06/2005,1.209
01/07/2005,1.209
04/07/2005,1.189
05/07/2005,1.188
06/07/2005,1.191
07/07/2005,1.196
08/07/2005,1.19
11/07/2005,1.201
12/07/2005,1.217
13/07/2005,1.218
14/07/2005,1.207
15/07/2005,1.207
18/07/2005,1.205
19/07/2005,1.197
20/07/2005,1.206
21/07/2005,1.219
22/07/2005,1.214
25/07/2005,1.207
26/07/2005,1.199
27/07/2005,1.199
28/07/2005,1.21
29/07/2005,1.209
01/08/2005,1.222
02/08/2005,1.222
03/08/2005,1.231
04/08/2005,1.232
05/08/2005,1.239
08/08/2005,1.237
09/08/2005,1.237
10/08/2005,1.238
11/08/2005,1.241
12/08/2005,1.246
15/08/2005,1.237
16/08/2005,1.231
17/08/2005,1.23
18/08/2005,1.221
19/08/2005,1.218
22/08/2005,1.223
23/08/2005,1.223
24/08/2005,1.221
25/08/2005,1.227
26/08/2005,1.231
29/08/2005,1.229
30/08/2005,1.218
31/08/2005,1.22
01/09/2005,1.239
02/09/2005,1.254
05/09/2005,1.254
06/09/2005,1.248
07/09/2005,1.245
08/09/2005,1.242
09/09/2005,1.242
12/09/2005,1.231
13/09/2005,1.228
14/09/2005,1.231
15/09/2005,1.222
16/09/2005,1.224
19/09/2005,1.214
20/09/2005,1.215
21/09/2005,1.223
22/09/2005,1.222
23/09/2005,1.212
26/09/2005,1.203
27/09/2005,1.201
28/09/2005,1.204
29/09/2005,1.206
30/09/2005,1.204
03/10/2005,1.193
04/10/2005,1.194
05/10/2005,1.195
06/10/2005,1.206
07/10/2005,1.214
10/10/2005,1.209
11/10/2005,1.202
12/10/2005,1.201
13/10/2005,1.198
14/10/2005,1.2
17/10/2005,1.202
18/10/2005,1.194
19/10/2005,1.195
20/10/2005,1.195
21/10/2005,1.201
24/10/2005,1.194
25/10/2005,1.202
26/10/2005,1.206
27/10/2005,1.213
28/10/2005,1.214
31/10/2005,1.202
01/11/2005,1.201
02/11/2005,1.199
03/11/2005,1.204
04/11/2005,1.193
07/11/2005,1.182
08/11/2005,1.174
09/11/2005,1.174
10/11/2005,1.176
11/11/2005,1.17
14/11/2005,1.171
15/11/2005,1.167
16/11/2005,1.168
17/11/2005,1.169
18/11/2005,1.168
21/11/2005,1.181
22/11/2005,1.17
23/11/2005,1.178
24/11/2005,1.178
25/11/2005,1.176
28/11/2005,1.173
29/11/2005,1.179
30/11/2005,1.177
01/12/2005,1.175
02/12/2005,1.17
05/12/2005,1.177
06/12/2005,1.178
07/12/2005,1.171
08/12/2005,1.176
09/12/2005,1.179
12/12/2005,1.193
13/12/2005,1.193
14/12/2005,1.202
15/12/2005,1.2
16/12/2005,1.198
19/12/2005,1.198
20/12/2005,1.196
21/12/2005,1.187
22/12/2005,1.182
23/12/2005,1.186
27/12/2005,1.185
28/12/2005,1.192
29/12/2005,1.183
30/12/2005,1.18
02/01/2006,1.183
03/01/2006,1.188
04/01/2006,1.208
05/01/2006,1.209
06/01/2006,1.209
09/01/2006,1.208
10/01/2006,1.206
11/01/2006,1.209
12/01/2006,1.211
13/01/2006,1.204
16/01/2006,1.211
17/01/2006,1.208
18/01/2006,1.213
19/01/2006,1.207
20/01/2006,1.207
23/01/2006,1.228
24/01/2006,1.227
25/01/2006,1.229
26/01/2006,1.225
27/01/2006,1.217
30/01/2006,1.208
31/01/2006,1.212
01/02/2006,1.209
02/02/2006,1.207
03/02/2006,1.206
06/02/2006,1.198
07/02/2006,1.197
08/02/2006,1.195
09/02/2006,1.197
10/02/2006,1.197
13/02/2006,1.189
14/02/2006,1.19
15/02/2006,1.19
16/02/2006,1.186
17/02/2006,1.186
20/02/2006,1.193
21/02/2006,1.191
22/02/2006,1.188
23/02/2006,1.196
24/02/2006,1.19
27/02/2006,1.185
28/02/2006,1.188
01/03/2006,1.195
02/03/2006,1.192
03/03/2006,1.202
06/03/2006,1.202
07/03/2006,1.191
08/03/2006,1.191
09/03/2006,1.192
10/03/2006,1.192
13/03/2006,1.192
14/03/2006,1.195
15/03/2006,1.203
16/03/2006,1.207
17/03/2006,1.219
20/03/2006,1.217
21/03/2006,1.214
22/03/2006,1.207
23/03/2006,1.206
24/03/2006,1.197
27/03/2006,1.203
28/03/2006,1.208
29/03/2006,1.201
30/03/2006,1.21
31/03/2006,1.21
03/04/2006,1.206
04/04/2006,1.222
05/04/2006,1.226
06/04/2006,1.231
07/04/2006,1.218
10/04/2006,1.21
11/04/2006,1.211
12/04/2006,1.213
13/04/2006,1.209
18/04/2006,1.225
19/04/2006,1.235
20/04/2006,1.235
21/04/2006,1.232
24/04/2006,1.237
25/04/2006,1.243
26/04/2006,1.243
27/04/2006,1.241
28/04/2006,1.254
02/05/2006,1.264
03/05/2006,1.262
04/05/2006,1.259
05/05/2006,1.269
08/05/2006,1.276
09/05/2006,1.27
10/05/2006,1.278
11/05/2006,1.272
12/05/2006,1.291
15/05/2006,1.283
16/05/2006,1.282
17/05/2006,1.288
18/05/2006,1.277
19/05/2006,1.277
22/05/2006,1.275
23/05/2006,1.284
24/05/2006,1.285
25/05/2006,1.276
26/05/2006,1.28
29/05/2006,1.276
30/05/2006,1.284
31/05/2006,1.287
01/06/2006,1.274
02/06/2006,1.282
05/06/2006,1.296
06/06/2006,1.285
07/06/2006,1.279
08/06/2006,1.274
09/06/2006,1.266
12/06/2006,1.257
13/06/2006,1.257
14/06/2006,1.256
15/06/2006,1.261
16/06/2006,1.265
19/06/2006,1.259
20/06/2006,1.255
21/06/2006,1.263
22/06/2006,1.258
23/06/2006,1.25
26/06/2006,1.256
27/06/2006,1.257
28/06/2006,1.257
29/06/2006,1.253
30/06/2006,1.271
03/07/2006,1.279
04/07/2006,1.279
05/07/2006,1.279
06/07/2006,1.274
07/07/2006,1.278
10/07/2006,1.275
11/07/2006,1.274
12/07/2006,1.272
13/07/2006,1.269
14/07/2006,1.267
17/07/2006,1.254
18/07/2006,1.253
19/07/2006,1.248
20/07/2006,1.264
21/07/2006,1.268
24/07/2006,1.263
25/07/2006,1.264
26/07/2006,1.259
27/07/2006,1.274
28/07/2006,1.266
31/07/2006,1.277
01/08/2006,1.276
02/08/2006,1.28
03/08/2006,1.278
04/08/2006,1.279
07/08/2006,1.285
08/08/2006,1.284
09/08/2006,1.288
10/08/2006,1.286
11/08/2006,1.278
14/08/2006,1.272
15/08/2006,1.273
16/08/2006,1.279
17/08/2006,1.288
18/08/2006,1.28
21/08/2006,1.292
22/08/2006,1.281
23/08/2006,1.281
24/08/2006,1.283
25/08/2006,1.276
28/08/2006,1.28
29/08/2006,1.281
30/08/2006,1.282
31/08/2006,1.285
01/09/2006,1.282
04/09/2006,1.285
05/09/2006,1.281
06/09/2006,1.279
07/09/2006,1.273
08/09/2006,1.271
11/09/2006,1.271
12/09/2006,1.271
13/09/2006,1.268
14/09/2006,1.272
15/09/2006,1.268
18/09/2006,1.267
19/09/2006,1.265
20/09/2006,1.268
21/09/2006,1.273
22/09/2006,1.282
25/09/2006,1.277
26/09/2006,1.27
27/09/2006,1.268
28/09/2006,1.271
29/09/2006,1.266
02/10/2006,1.269
03/10/2006,1.274
04/10/2006,1.268
05/10/2006,1.272
06/10/2006,1.266
09/10/2006,1.26
10/10/2006,1.254
11/10/2006,1.254
12/10/2006,1.253
13/10/2006,1.255
16/10/2006,1.252
17/10/2006,1.252
18/10/2006,1.254
19/10/2006,1.256
20/10/2006,1.262
23/10/2006,1.256
24/10/2006,1.254
25/10/2006,1.258
26/10/2006,1.265
27/10/2006,1.268
30/10/2006,1.272
31/10/2006,1.27
01/11/2006,1.276
02/11/2006,1.277
03/11/2006,1.276
06/11/2006,1.27
07/11/2006,1.276
08/11/2006,1.278
09/11/2006,1.28
10/11/2006,1.286
13/11/2006,1.283
14/11/2006,1.282
15/11/2006,1.279
16/11/2006,1.28
17/11/2006,1.277
20/11/2006,1.284
21/11/2006,1.281
22/11/2006,1.289
23/11/2006,1.295
24/11/2006,1.308
27/11/2006,1.311
28/11/2006,1.315
29/11/2006,1.316
30/11/2006,1.32
01/12/2006,1.324
04/12/2006,1.331
05/12/2006,1.333
06/12/2006,1.327
07/12/2006,1.33
08/12/2006,1.328
11/12/2006,1.318
12/12/2006,1.324
13/12/2006,1.327
14/12/2006,1.319
15/12/2006,1.311
18/12/2006,1.31
19/12/2006,1.316
20/12/2006,1.32
21/12/2006,1.318
22/12/2006,1.319
27/12/2006,1.316
28/12/2006,1.317
29/12/2006,1.317
02/01/2007,1.327
03/01/2007,1.323
04/01/2007,1.311
05/01/2007,1.308
08/01/2007,1.301
09/01/2007,1.302
10/01/2007,1.299
11/01/2007,1.298
12/01/2007,1.289
15/01/2007,1.294
16/01/2007,1.295
17/01/2007,1.291
18/01/2007,1.292
19/01/2007,1.296
22/01/2007,1.294
23/01/2007,1.304
24/01/2007,1.301
25/01/2007,1.298
26/01/2007,1.29
29/01/2007,1.292
30/01/2007,1.297
31/01/2007,1.295
01/02/2007,1.302
02/02/2007,1.302
05/02/2007,1.293
06/02/2007,1.296
07/02/2007,1.299
08/02/2007,1.299
09/02/2007,1.301
12/02/2007,1.296
13/02/2007,1.302
14/02/2007,1.308
15/02/2007,1.314
16/02/2007,1.312
19/02/2007,1.313
20/02/2007,1.315
21/02/2007,1.315
22/02/2007,1.311
23/02/2007,1.313
26/02/2007,1.316
27/02/2007,1.323
28/02/2007,1.321
01/03/2007,1.323
02/03/2007,1.316
05/03/2007,1.308
06/03/2007,1.31
07/03/2007,1.314
08/03/2007,1.315
09/03/2007,1.316
12/03/2007,1.316
13/03/2007,1.322
14/03/2007,1.318
15/03/2007,1.323
16/03/2007,1.333
19/03/2007,1.33
20/03/2007,1.33
21/03/2007,1.329
22/03/2007,1.335
23/03/2007,1.333
26/03/2007,1.327
27/03/2007,1.335
28/03/2007,1.335
29/03/2007,1.335
30/03/2007,1.332
02/04/2007,1.337
03/04/2007,1.336
04/04/2007,1.335
05/04/2007,1.337
10/04/2007,1.343
11/04/2007,1.342
12/04/2007,1.347
13/04/2007,1.353
16/04/2007,1.355
17/04/2007,1.355
18/04/2007,1.358
19/04/2007,1.36
20/04/2007,1.361
23/04/2007,1.356
24/04/2007,1.358
25/04/2007,1.365
26/04/2007,1.36
27/04/2007,1.364
30/04/2007,1.361
02/05/2007,1.359
03/05/2007,1.361
04/05/2007,1.356
07/05/2007,1.362
08/05/2007,1.356
09/05/2007,1.354
10/05/2007,1.353
11/05/2007,1.349
14/05/2007,1.355
15/05/2007,1.354
16/05/2007,1.357
17/05/2007,1.352
18/05/2007,1.348
21/05/2007,1.344
22/05/2007,1.345
23/05/2007,1.349
24/05/2007,1.345
25/05/2007,1.344
28/05/2007,1.345
29/05/2007,1.351
30/05/2007,1.342
31/05/2007,1.345
01/06/2007,1.344
04/06/2007,1.348
05/06/2007,1.353
06/06/2007,1.351
07/06/2007,1.347
08/06/2007,1.335
11/06/2007,1.336
12/06/2007,1.335
13/06/2007,1.329
14/06/2007,1.33
15/06/2007,1.331
18/06/2007,1.34
19/06/2007,1.34
20/06/2007,1.343
21/06/2007,1.34
22/06/2007,1.344
25/06/2007,1.346
26/06/2007,1.346
27/06/2007,1.344
28/06/2007,1.347
29/06/2007,1.351
02/07/2007,1.359
03/07/2007,1.36
04/07/2007,1.362
05/07/2007,1.364
06/07/2007,1.36
09/07/2007,1.362
10/07/2007,1.367
11/07/2007,1.375
12/07/2007,1.379
13/07/2007,1.378
16/07/2007,1.378
17/07/2007,1.377
18/07/2007,1.378
19/07/2007,1.382
20/07/2007,1.38
23/07/2007,1.382
24/07/2007,1.383
25/07/2007,1.374
26/07/2007,1.372
27/07/2007,1.365
30/07/2007,1.366
31/07/2007,1.371
01/08/2007,1.366
02/08/2007,1.366
03/08/2007,1.369
06/08/2007,1.382
07/08/2007,1.379
08/08/2007,1.379
09/08/2007,1.373
10/08/2007,1.365
13/08/2007,1.365
14/08/2007,1.359
15/08/2007,1.348
16/08/2007,1.341
17/08/2007,1.345
20/08/2007,1.348
21/08/2007,1.351
22/08/2007,1.349
23/08/2007,1.357
24/08/2007,1.362
27/08/2007,1.366
28/08/2007,1.366
29/08/2007,1.363
30/08/2007,1.361
31/08/2007,1.371
03/09/2007,1.363
04/09/2007,1.358
05/09/2007,1.359
06/09/2007,1.367
07/09/2007,1.37
10/09/2007,1.38
11/09/2007,1.382
12/09/2007,1.389
13/09/2007,1.39
14/09/2007,1.386
17/09/2007,1.388
18/09/2007,1.387
19/09/2007,1.398
20/09/2007,1.403
21/09/2007,1.405
24/09/2007,1.411
25/09/2007,1.411
26/09/2007,1.413
27/09/2007,1.418
28/09/2007,1.418
01/10/2007,1.423
02/10/2007,1.417
03/10/2007,1.42
04/10/2007,1.411
05/10/2007,1.414
08/10/2007,1.409
09/10/2007,1.404
10/10/2007,1.415
11/10/2007,1.42
12/10/2007,1.417
15/10/2007,1.423
16/10/2007,1.415
17/10/2007,1.42
18/10/2007,1.43
19/10/2007,1.429
22/10/2007,1.417
23/10/2007,1.425
24/10/2007,1.423
25/10/2007,1.431
26/10/2007,1.438
29/10/2007,1.439
30/10/2007,1.441
31/10/2007,1.445
01/11/2007,1.442
02/11/2007,1.448
05/11/2007,1.449
06/11/2007,1.455
07/11/2007,1.472
08/11/2007,1.467
09/11/2007,1.468
12/11/2007,1.458
13/11/2007,1.461
14/11/2007,1.47
15/11/2007,1.464
16/11/2007,1.465
19/11/2007,1.465
20/11/2007,1.479
21/11/2007,1.481
22/11/2007,1.483
23/11/2007,1.481
26/11/2007,1.485
27/11/2007,1.487
28/11/2007,1.475
29/11/2007,1.474
30/11/2007,1.476
03/12/2007,1.467
04/12/2007,1.474
05/12/2007,1.472
06/12/2007,1.455
07/12/2007,1.465
10/12/2007,1.472
11/12/2007,1.467
12/12/2007,1.468
13/12/2007,1.468
14/12/2007,1.451
17/12/2007,1.439
18/12/2007,1.442
19/12/2007,1.439
20/12/2007,1.435
21/12/2007,1.438
24/12/2007,1.44
27/12/2007,1.452
28/12/2007,1.469
31/12/2007,1.472
02/01/2008,1.469
03/01/2008,1.475
04/01/2008,1.473
07/01/2008,1.472
08/01/2008,1.471
09/01/2008,1.468
10/01/2008,1.466
11/01/2008,1.479
14/01/2008,1.49
15/01/2008,1.489
16/01/2008,1.479
17/01/2008,1.469
18/01/2008,1.467
21/01/2008,1.448
22/01/2008,1.449
23/01/2008,1.457
24/01/2008,1.466
25/01/2008,1.471
28/01/2008,1.476
29/01/2008,1.477
30/01/2008,1.481
31/01/2008,1.487
01/02/2008,1.489
04/02/2008,1.483
05/02/2008,1.469
06/02/2008,1.462
07/02/2008,1.457
08/02/2008,1.451
11/02/2008,1.454
12/02/2008,1.454
13/02/2008,1.459
14/02/2008,1.463
15/02/2008,1.467
18/02/2008,1.464
19/02/2008,1.474
20/02/2008,1.466
21/02/2008,1.474
22/02/2008,1.485
25/02/2008,1.482
26/02/2008,1.487
27/02/2008,1.504
28/02/2008,1.512
29/02/2008,1.517
03/03/2008,1.52
04/03/2008,1.521
05/03/2008,1.52
06/03/2008,1.532
07/03/2008,1.542
10/03/2008,1.534
11/03/2008,1.538
12/03/2008,1.548
13/03/2008,1.558
14/03/2008,1.556
17/03/2008,1.577
18/03/2008,1.577
19/03/2008,1.569
20/03/2008,1.542
25/03/2008,1.557
26/03/2008,1.571
27/03/2008,1.579
28/03/2008,1.58
31/03/2008,1.581
01/04/2008,1.566
02/04/2008,1.563
03/04/2008,1.553
04/04/2008,1.572
07/04/2008,1.569
08/04/2008,1.569
09/04/2008,1.573
10/04/2008,1.588
11/04/2008,1.583
14/04/2008,1.587
15/04/2008,1.583
16/04/2008,1.593
17/04/2008,1.587
18/04/2008,1.578
21/04/2008,1.59
22/04/2008,1.593
23/04/2008,1.594
24/04/2008,1.577
25/04/2008,1.56
28/04/2008,1.563
29/04/2008,1.557
30/04/2008,1.554
02/05/2008,1.546
05/05/2008,1.546
06/05/2008,1.553
07/05/2008,1.543
08/05/2008,1.535
09/05/2008,1.546
12/05/2008,1.543
13/05/2008,1.547
14/05/2008,1.544
15/05/2008,1.547
16/05/2008,1.55
19/05/2008,1.558
20/05/2008,1.564
21/05/2008,1.575
22/05/2008,1.576
23/05/2008,1.574
26/05/2008,1.576
27/05/2008,1.576
28/05/2008,1.566
29/05/2008,1.555
30/05/2008,1.551
02/06/2008,1.552
03/06/2008,1.559
04/06/2008,1.547
05/06/2008,1.54
06/06/2008,1.56
09/06/2008,1.578
10/06/2008,1.553
11/06/2008,1.552
12/06/2008,1.542
13/06/2008,1.534
16/06/2008,1.546
17/06/2008,1.548
18/06/2008,1.549
19/06/2008,1.548
20/06/2008,1.561
23/06/2008,1.552
24/06/2008,1.557
25/06/2008,1.56
26/06/2008,1.573
27/06/2008,1.575
30/06/2008,1.576
01/07/2008,1.578
02/07/2008,1.581
03/07/2008,1.589
04/07/2008,1.567
07/07/2008,1.565
08/07/2008,1.569
09/07/2008,1.572
10/07/2008,1.571
11/07/2008,1.584
14/07/2008,1.585
15/07/2008,1.599
16/07/2008,1.589
17/07/2008,1.585
18/07/2008,1.582
21/07/2008,1.586
22/07/2008,1.592
23/07/2008,1.574
24/07/2008,1.568
25/07/2008,1.573
28/07/2008,1.575
29/07/2008,1.571
30/07/2008,1.559
31/07/2008,1.561
01/08/2008,1.557
04/08/2008,1.557
05/08/2008,1.549
06/08/2008,1.548
07/08/2008,1.547
08/08/2008,1.507
11/08/2008,1.501
12/08/2008,1.491
13/08/2008,1.49
14/08/2008,1.491
15/08/2008,1.473
18/08/2008,1.47
19/08/2008,1.468
20/08/2008,1.473
21/08/2008,1.481
22/08/2008,1.481
25/08/2008,1.477
26/08/2008,1.46
27/08/2008,1.477
28/08/2008,1.477
29/08/2008,1.474
01/09/2008,1.462
02/09/2008,1.452
03/09/2008,1.444
04/09/2008,1.449
05/09/2008,1.425
08/09/2008,1.421
09/09/2008,1.414
10/09/2008,1.409
11/09/2008,1.393
12/09/2008,1.407
15/09/2008,1.415
16/09/2008,1.427
17/09/2008,1.422
18/09/2008,1.45
19/09/2008,1.424
22/09/2008,1.457
23/09/2008,1.473
24/09/2008,1.469
25/09/2008,1.47
26/09/2008,1.464
29/09/2008,1.435
30/09/2008,1.43
01/10/2008,1.408
02/10/2008,1.39
03/10/2008,1.383
06/10/2008,1.363
07/10/2008,1.363
08/10/2008,1.373
09/10/2008,1.368
10/10/2008,1.358
13/10/2008,1.364
14/10/2008,1.375
15/10/2008,1.363
16/10/2008,1.351
17/10/2008,1.34
20/10/2008,1.342
21/10/2008,1.318
22/10/2008,1.284
23/10/2008,1.281
24/10/2008,1.26
27/10/2008,1.246
28/10/2008,1.253
29/10/2008,1.277
30/10/2008,1.304
31/10/2008,1.276
03/11/2008,1.282
04/11/2008,1.282
05/11/2008,1.287
06/11/2008,1.277
07/11/2008,1.276
10/11/2008,1.289
11/11/2008,1.275
12/11/2008,1.253
13/11/2008,1.253
14/11/2008,1.268
17/11/2008,1.266
18/11/2008,1.265
19/11/2008,1.263
20/11/2008,1.254
21/11/2008,1.26
24/11/2008,1.277
25/11/2008,1.281
26/11/2008,1.294
27/11/2008,1.29
28/11/2008,1.273
01/12/2008,1.261
02/12/2008,1.27
03/12/2008,1.262
04/12/2008,1.262
05/12/2008,1.267
08/12/2008,1.285
09/12/2008,1.284
10/12/2008,1.293
11/12/2008,1.322
12/12/2008,1.334
15/12/2008,1.351
16/12/2008,1.369
17/12/2008,1.406
18/12/2008,1.462
19/12/2008,1.394
22/12/2008,1.397
23/12/2008,1.398
24/12/2008,1.401
29/12/2008,1.427
30/12/2008,1.41
31/12/2008,1.392
02/01/2009,1.387
05/01/2009,1.358
06/01/2009,1.333
07/01/2009,1.36
08/01/2009,1.362
09/01/2009,1.368
12/01/2009,1.339
13/01/2009,1.326
14/01/2009,1.317
15/01/2009,1.309
16/01/2009,1.327
19/01/2009,1.318
20/01/2009,1.293
21/01/2009,1.291
22/01/2009,1.298
23/01/2009,1.28
26/01/2009,1.299
27/01/2009,1.317
28/01/2009,1.326
29/01/2009,1.311
30/01/2009,1.282
02/02/2009,1.276
03/02/2009,1.285
04/02/2009,1.282
05/02/2009,1.283
06/02/2009,1.28
09/02/2009,1.301
10/02/2009,1.297
11/02/2009,1.294
12/02/2009,1.283
13/02/2009,1.282
16/02/2009,1.277
17/02/2009,1.263
18/02/2009,1.26
19/02/2009,1.271
20/02/2009,1.259
23/02/2009,1.28
24/02/2009,1.276
25/02/2009,1.28
26/02/2009,1.278
27/02/2009,1.264
02/03/2009,1.26
03/03/2009,1.262
04/03/2009,1.256
05/03/2009,1.256
06/03/2009,1.266
09/03/2009,1.257
10/03/2009,1.278
11/03/2009,1.279
12/03/2009,1.278
13/03/2009,1.291
16/03/2009,1.304
17/03/2009,1.294
18/03/2009,1.313
19/03/2009,1.367
20/03/2009,1.355
23/03/2009,1.356
24/03/2009,1.351
25/03/2009,1.349
26/03/2009,1.361
27/03/2009,1.33
30/03/2009,1.319
31/03/2009,1.331
01/04/2009,1.325
02/04/2009,1.339
03/04/2009,1.343
06/04/2009,1.35
07/04/2009,1.326
08/04/2009,1.323
09/04/2009,1.327
14/04/2009,1.328
15/04/2009,1.317
16/04/2009,1.32
17/04/2009,1.306
20/04/2009,1.297
21/04/2009,1.293
22/04/2009,1.295
23/04/2009,1.305
24/04/2009,1.323
27/04/2009,1.313
28/04/2009,1.299
29/04/2009,1.327
30/04/2009,1.328
04/05/2009,1.322
05/05/2009,1.34
06/05/2009,1.332
07/05/2009,1.336
08/05/2009,1.343
11/05/2009,1.357
12/05/2009,1.368
13/05/2009,1.362
14/05/2009,1.356
15/05/2009,1.352
18/05/2009,1.349
19/05/2009,1.361
20/05/2009,1.369
21/05/2009,1.377
22/05/2009,1.397
25/05/2009,1.401
26/05/2009,1.391
27/05/2009,1.39
28/05/2009,1.386
29/05/2009,1.41
01/06/2009,1.422
02/06/2009,1.424
03/06/2009,1.421
04/06/2009,1.41
05/06/2009,1.418
08/06/2009,1.387
09/06/2009,1.396
10/06/2009,1.41
11/06/2009,1.397
12/06/2009,1.4
15/06/2009,1.385
16/06/2009,1.389
17/06/2009,1.384
18/06/2009,1.392
19/06/2009,1.393
22/06/2009,1.386
23/06/2009,1.398
24/06/2009,1.403
25/06/2009,1.394
26/06/2009,1.41
29/06/2009,1.406
30/06/2009,1.413
01/07/2009,1.41
02/07/2009,1.405
03/07/2009,1.401
06/07/2009,1.39
07/07/2009,1.402
08/07/2009,1.39
09/07/2009,1.399
10/07/2009,1.39
13/07/2009,1.398
14/07/2009,1.399
15/07/2009,1.409
16/07/2009,1.413
17/07/2009,1.409
20/07/2009,1.422
21/07/2009,1.422
22/07/2009,1.419
23/07/2009,1.423
24/07/2009,1.423
27/07/2009,1.427
28/07/2009,1.423
29/07/2009,1.41
30/07/2009,1.405
31/07/2009,1.414
03/08/2009,1.43
04/08/2009,1.438
05/08/2009,1.441
06/08/2009,1.437
07/08/2009,1.436
10/08/2009,1.42
11/08/2009,1.417
12/08/2009,1.417
13/08/2009,1.429
14/08/2009,1.429
17/08/2009,1.407
18/08/2009,1.41
19/08/2009,1.411
20/08/2009,1.424
21/08/2009,1.433
24/08/2009,1.432
25/08/2009,1.432
26/08/2009,1.427
27/08/2009,1.427
28/08/2009,1.436
31/08/2009,1.427
01/09/2009,1.431
02/09/2009,1.422
03/09/2009,1.434
04/09/2009,1.426
07/09/2009,1.433
08/09/2009,1.447
09/09/2009,1.452
10/09/2009,1.455
11/09/2009,1.459
14/09/2009,1.456
15/09/2009,1.461
16/09/2009,1.467
17/09/2009,1.471
18/09/2009,1.471
21/09/2009,1.466
22/09/2009,1.478
23/09/2009,1.478
24/09/2009,1.477
25/09/2009,1.467
28/09/2009,1.465
29/09/2009,1.455
30/09/2009,1.464
01/10/2009,1.454
02/10/2009,1.454
05/10/2009,1.462
06/10/2009,1.472
07/10/2009,1.469
08/10/2009,1.476
09/10/2009,1.475
12/10/2009,1.477
13/10/2009,1.486
14/10/2009,1.488
15/10/2009,1.486
16/10/2009,1.487
19/10/2009,1.492
20/10/2009,1.497
21/10/2009,1.492
22/10/2009,1.5
23/10/2009,1.502
26/10/2009,1.502
27/10/2009,1.487
28/10/2009,1.479
29/10/2009,1.479
30/10/2009,1.48
02/11/2009,1.477
03/11/2009,1.466
04/11/2009,1.476
05/11/2009,1.487
06/11/2009,1.486
09/11/2009,1.498
10/11/2009,1.497
11/11/2009,1.504
12/11/2009,1.492
13/11/2009,1.487
16/11/2009,1.497
17/11/2009,1.488
18/11/2009,1.496
19/11/2009,1.486
20/11/2009,1.482
23/11/2009,1.497
24/11/2009,1.497
25/11/2009,1.508
26/11/2009,1.507
27/11/2009,1.492
30/11/2009,1.502
01/12/2009,1.507
02/12/2009,1.509
03/12/2009,1.512
04/12/2009,1.507
07/12/2009,1.479
08/12/2009,1.477
09/12/2009,1.477
10/12/2009,1.473
11/12/2009,1.476
14/12/2009,1.465
15/12/2009,1.454
16/12/2009,1.456
17/12/2009,1.434
18/12/2009,1.434
21/12/2009,1.437
22/12/2009,1.428
23/12/2009,1.428
24/12/2009,1.44
28/12/2009,1.441
29/12/2009,1.443
30/12/2009,1.434
31/12/2009,1.441
04/01/2010,1.439
05/01/2010,1.444
06/01/2010,1.435
07/01/2010,1.43
08/01/2010,1.427
11/01/2010,1.453
12/01/2010,1.448
13/01/2010,1.456
14/01/2010,1.449
15/01/2010,1.437
18/01/2010,1.437
19/01/2010,1.428
20/01/2010,1.413
21/01/2010,1.406
22/01/2010,1.414
25/01/2010,1.415
26/01/2010,1.409
27/01/2010,1.407
28/01/2010,1.4
29/01/2010,1.397
01/02/2010,1.391
02/02/2010,1.394
03/02/2010,1.398
04/02/2010,1.385
05/02/2010,1.369
08/02/2010,1.368
09/02/2010,1.376
10/02/2010,1.374
11/02/2010,1.372
12/02/2010,1.357
15/02/2010,1.361
16/02/2010,1.365
17/02/2010,1.373
18/02/2010,1.357
19/02/2010,1.352
22/02/2010,1.363
23/02/2010,1.358
24/02/2010,1.355
25/02/2010,1.349
26/02/2010,1.357
01/03/2010,1.353
02/03/2010,1.355
03/03/2010,1.364
04/03/2010,1.367
05/03/2010,1.358
08/03/2010,1.366
09/03/2010,1.356
10/03/2010,1.361
11/03/2010,1.366
12/03/2010,1.377
15/03/2010,1.371
16/03/2010,1.372
17/03/2010,1.376
18/03/2010,1.366
19/03/2010,1.355
22/03/2010,1.347
23/03/2010,1.352
24/03/2010,1.334
25/03/2010,1.336
26/03/2010,1.335
29/03/2010,1.347
30/03/2010,1.348
31/03/2010,1.348
01/04/2010,1.347
06/04/2010,1.34
07/04/2010,1.334
08/04/2010,1.33
09/04/2010,1.338
12/04/2010,1.359
13/04/2010,1.358
14/04/2010,1.362
15/04/2010,1.354
16/04/2010,1.354
19/04/2010,1.343
20/04/2010,1.349
21/04/2010,1.337
22/04/2010,1.334
23/04/2010,1.331
26/04/2010,1.332
27/04/2010,1.329
28/04/2010,1.325
29/04/2010,1.326
30/04/2010,1.332
03/05/2010,1.324
04/05/2010,1.309
05/05/2010,1.292
06/05/2010,1.273
07/05/2010,1.275
10/05/2010,1.297
11/05/2010,1.27
12/05/2010,1.269
13/05/2010,1.259
14/05/2010,1.249
17/05/2010,1.235
18/05/2010,1.243
19/05/2010,1.227
20/05/2010,1.233
21/05/2010,1.25
24/05/2010,1.236
25/05/2010,1.222
26/05/2010,1.231
27/05/2010,1.226
28/05/2010,1.238
31/05/2010,1.231
01/06/2010,1.216
02/06/2010,1.222
03/06/2010,1.227
04/06/2010,1.206
07/06/2010,1.196
08/06/2010,1.194
09/06/2010,1.201
10/06/2010,1.205
11/06/2010,1.213
14/06/2010,1.225
15/06/2010,1.226
16/06/2010,1.228
17/06/2010,1.236
18/06/2010,1.237
21/06/2010,1.239
22/06/2010,1.226
23/06/2010,1.227
24/06/2010,1.226
25/06/2010,1.229
28/06/2010,1.234
29/06/2010,1.22
30/06/2010,1.227
01/07/2010,1.233
02/07/2010,1.255
05/07/2010,1.253
06/07/2010,1.258
07/07/2010,1.257
08/07/2010,1.266
09/07/2010,1.264
12/07/2010,1.257
13/07/2010,1.257
14/07/2010,1.27
15/07/2010,1.283
16/07/2010,1.3
19/07/2010,1.296
20/07/2010,1.284
21/07/2010,1.282
22/07/2010,1.285
23/07/2010,1.29
26/07/2010,1.293
27/07/2010,1.303
28/07/2010,1.299
29/07/2010,1.307
30/07/2010,1.303
02/08/2010,1.307
03/08/2010,1.322
04/08/2010,1.321
05/08/2010,1.318
06/08/2010,1.318
09/08/2010,1.325
10/08/2010,1.313
11/08/2010,1.302
12/08/2010,1.279
13/08/2010,1.28
16/08/2010,1.282
17/08/2010,1.286
18/08/2010,1.288
19/08/2010,1.284
20/08/2010,1.271
23/08/2010,1.27
24/08/2010,1.261
25/08/2010,1.261
26/08/2010,1.269
27/08/2010,1.271
30/08/2010,1.27
31/08/2010,1.268
01/09/2010,1.28
02/09/2010,1.282
03/09/2010,1.283
06/09/2010,1.287
07/09/2010,1.274
08/09/2010,1.27
09/09/2010,1.272
10/09/2010,1.273
13/09/2010,1.28
14/09/2010,1.285
15/09/2010,1.299
16/09/2010,1.308
17/09/2010,1.306
20/09/2010,1.307
21/09/2010,1.312
22/09/2010,1.336
23/09/2010,1.332
24/09/2010,1.341
27/09/2010,1.348
28/09/2010,1.346
29/09/2010,1.361
30/09/2010,1.365
01/10/2010,1.373
04/10/2010,1.371
05/10/2010,1.378
06/10/2010,1.386
07/10/2010,1.397
08/10/2010,1.387
11/10/2010,1.394
12/10/2010,1.383
13/10/2010,1.396
14/10/2010,1.41
15/10/2010,1.409
18/10/2010,1.39
19/10/2010,1.386
20/10/2010,1.386
21/10/2010,1.402
22/10/2010,1.393
25/10/2010,1.403
26/10/2010,1.391
27/10/2010,1.38
28/10/2010,1.386
29/10/2010,1.386
01/11/2010,1.393
02/11/2010,1.402
03/11/2010,1.401
04/11/2010,1.424
05/11/2010,1.408
08/11/2010,1.392
09/11/2010,1.395
10/11/2010,1.377
11/11/2010,1.37
12/11/2010,1.371
15/11/2010,1.363
16/11/2010,1.361
17/11/2010,1.348
18/11/2010,1.365
19/11/2010,1.367
22/11/2010,1.365
23/11/2010,1.35
24/11/2010,1.334
25/11/2010,1.332
26/11/2010,1.323
29/11/2010,1.315
30/11/2010,1.3
01/12/2010,1.312
02/12/2010,1.316
03/12/2010,1.325
06/12/2010,1.328
07/12/2010,1.336
08/12/2010,1.32
09/12/2010,1.321
10/12/2010,1.324
13/12/2010,1.327
14/12/2010,1.344
15/12/2010,1.336
16/12/2010,1.324
17/12/2010,1.326
20/12/2010,1.315
21/12/2010,1.316
22/12/2010,1.311
23/12/2010,1.306
24/12/2010,1.31
27/12/2010,1.314
28/12/2010,1.32
29/12/2010,1.314
30/12/2010,1.328
31/12/2010,1.336
03/01/2011,1.335
04/01/2011,1.342
05/01/2011,1.321
06/01/2011,1.309
07/01/2011,1.296
10/01/2011,1.29
11/01/2011,1.295
12/01/2011,1.297
13/01/2011,1.32
14/01/2011,1.335
17/01/2011,1.331
18/01/2011,1.337
19/01/2011,1.351
20/01/2011,1.347
21/01/2011,1.352
24/01/2011,1.357
25/01/2011,1.36
26/01/2011,1.368
27/01/2011,1.372
28/01/2011,1.371
31/01/2011,1.369
01/02/2011,1.376
02/02/2011,1.38
03/02/2011,1.375
04/02/2011,1.363
07/02/2011,1.355
08/02/2011,1.364
09/02/2011,1.365
10/02/2011,1.36
11/02/2011,1.352
14/02/2011,1.344
15/02/2011,1.351
16/02/2011,1.351
17/02/2011,1.356
18/02/2011,1.363
21/02/2011,1.367
22/02/2011,1.367
23/02/2011,1.373
24/02/2011,1.377
25/02/2011,1.376
28/02/2011,1.383
01/03/2011,1.383
02/03/2011,1.381
03/03/2011,1.385
04/03/2011,1.396
07/03/2011,1.403
08/03/2011,1.39
09/03/2011,1.393
10/03/2011,1.382
11/03/2011,1.377
14/03/2011,1.395
15/03/2011,1.388
16/03/2011,1.395
17/03/2011,1.4
18/03/2011,1.413
21/03/2011,1.419
22/03/2011,1.421
23/03/2011,1.414
24/03/2011,1.413
25/03/2011,1.412
28/03/2011,1.403
29/03/2011,1.407
30/03/2011,1.409
31/03/2011,1.421
01/04/2011,1.414
04/04/2011,1.424
05/04/2011,1.417
06/04/2011,1.43
07/04/2011,1.428
08/04/2011,1.44
11/04/2011,1.443
12/04/2011,1.447
13/04/2011,1.449
14/04/2011,1.44
15/04/2011,1.445
18/04/2011,1.428
19/04/2011,1.43
20/04/2011,1.452
21/04/2011,1.458
26/04/2011,1.462
27/04/2011,1.467
28/04/2011,1.479
29/04/2011,1.486
02/05/2011,1.484
03/05/2011,1.478
04/05/2011,1.488
05/05/2011,1.481
06/05/2011,1.45
09/05/2011,1.44
10/05/2011,1.436
11/05/2011,1.436
12/05/2011,1.415
13/05/2011,1.428
16/05/2011,1.414
17/05/2011,1.417
18/05/2011,1.423
19/05/2011,1.427
20/05/2011,1.424
23/05/2011,1.402
24/05/2011,1.409
25/05/2011,1.407
26/05/2011,1.417
27/05/2011,1.427
30/05/2011,1.427
31/05/2011,1.439
01/06/2011,1.441
02/06/2011,1.446
03/06/2011,1.449
06/06/2011,1.46
07/06/2011,1.465
08/06/2011,1.461
09/06/2011,1.461
10/06/2011,1.449
13/06/2011,1.435
14/06/2011,1.445
15/06/2011,1.429
16/06/2011,1.409
17/06/2011,1.427
20/06/2011,1.424
21/06/2011,1.437
22/06/2011,1.44
23/06/2011,1.421
24/06/2011,1.422
27/06/2011,1.421
28/06/2011,1.426
29/06/2011,1.443
30/06/2011,1.445
01/07/2011,1.449
04/07/2011,1.45
05/07/2011,1.446
06/07/2011,1.432
07/07/2011,1.425
08/07/2011,1.424
11/07/2011,1.406
12/07/2011,1.398
13/07/2011,1.407
14/07/2011,1.42
15/07/2011,1.415
18/07/2011,1.405
19/07/2011,1.416
20/07/2011,1.421
21/07/2011,1.422
22/07/2011,1.439
25/07/2011,1.438
26/07/2011,1.447
27/07/2011,1.445
28/07/2011,1.426
29/07/2011,1.426
01/08/2011,1.442
02/08/2011,1.417
03/08/2011,1.43
04/08/2011,1.423
05/08/2011,1.416
08/08/2011,1.423
09/08/2011,1.427
10/08/2011,1.437
11/08/2011,1.414
12/08/2011,1.425
15/08/2011,1.431
16/08/2011,1.436
17/08/2011,1.448
18/08/2011,1.437
19/08/2011,1.439
22/08/2011,1.441
23/08/2011,1.446
24/08/2011,1.443
25/08/2011,1.442
26/08/2011,1.44
29/08/2011,1.449
30/08/2011,1.44
31/08/2011,1.445
01/09/2011,1.429
02/09/2011,1.426
05/09/2011,1.413
06/09/2011,1.41
07/09/2011,1.404
08/09/2011,1.404
09/09/2011,1.382
12/09/2011,1.366
13/09/2011,1.365
14/09/2011,1.373
15/09/2011,1.38
16/09/2011,1.376
19/09/2011,1.364
20/09/2011,1.371
21/09/2011,1.364
22/09/2011,1.345
23/09/2011,1.343
26/09/2011,1.35
27/09/2011,1.358
28/09/2011,1.363
29/09/2011,1.362
30/09/2011,1.35
03/10/2011,1.333
04/10/2011,1.318
05/10/2011,1.334
06/10/2011,1.327
07/10/2011,1.343
10/10/2011,1.359
11/10/2011,1.361
12/10/2011,1.377
13/10/2011,1.373
14/10/2011,1.381
17/10/2011,1.378
18/10/2011,1.368
19/10/2011,1.383
20/10/2011,1.381
21/10/2011,1.38
24/10/2011,1.386
25/10/2011,1.392
26/10/2011,1.393
27/10/2011,1.404
28/10/2011,1.416
31/10/2011,1.4
01/11/2011,1.363
02/11/2011,1.381
03/11/2011,1.377
04/11/2011,1.377
07/11/2011,1.374
08/11/2011,1.379
09/11/2011,1.363
10/11/2011,1.362
11/11/2011,1.365
14/11/2011,1.366
15/11/2011,1.353
16/11/2011,1.348
17/11/2011,1.348
18/11/2011,1.358
21/11/2011,1.346
22/11/2011,1.354
23/11/2011,1.339
24/11/2011,1.337
25/11/2011,1.323
28/11/2011,1.335
29/11/2011,1.334
30/11/2011,1.342
01/12/2011,1.349
02/12/2011,1.351
05/12/2011,1.344
06/12/2011,1.339
07/12/2011,1.338
08/12/2011,1.341
09/12/2011,1.338
12/12/2011,1.325
13/12/2011,1.318
14/12/2011,1.299
15/12/2011,1.302
16/12/2011,1.306
19/12/2011,1.304
20/12/2011,1.307
21/12/2011,1.305
22/12/2011,1.305
23/12/2011,1.306
27/12/2011,1.307
28/12/2011,1.307
29/12/2011,1.289
30/12/2011,1.294
02/01/2012,1.294
03/01/2012,1.301
04/01/2012,1.295
05/01/2012,1.283
06/01/2012,1.278
09/01/2012,1.273
10/01/2012,1.281
11/01/2012,1.272
12/01/2012,1.274
13/01/2012,1.277
16/01/2012,1.267
17/01/2012,1.279
18/01/2012,1.283
19/01/2012,1.291
20/01/2012,1.29
23/01/2012,1.302
24/01/2012,1.3
25/01/2012,1.294
26/01/2012,1.315
27/01/2012,1.315
30/01/2012,1.311
31/01/2012,1.318
01/02/2012,1.318
02/02/2012,1.309
03/02/2012,1.316
06/02/2012,1.304
07/02/2012,1.311
08/02/2012,1.327
09/02/2012,1.329
10/02/2012,1.319
13/02/2012,1.325
14/02/2012,1.317
15/02/2012,1.309
16/02/2012,1.298
17/02/2012,1.316
20/02/2012,1.327
21/02/2012,1.322
22/02/2012,1.323
23/02/2012,1.33
24/02/2012,1.341
27/02/2012,1.339
28/02/2012,1.345
29/02/2012,1.344
01/03/2012,1.331
02/03/2012,1.322
05/03/2012,1.322
06/03/2012,1.315
07/03/2012,1.312
08/03/2012,1.324
09/03/2012,1.319
12/03/2012,1.312
13/03/2012,1.306
14/03/2012,1.306
15/03/2012,1.306
16/03/2012,1.312
19/03/2012,1.315
20/03/2012,1.32
21/03/2012,1.323
22/03/2012,1.317
23/03/2012,1.324
26/03/2012,1.328
27/03/2012,1.333
28/03/2012,1.334
29/03/2012,1.327
30/03/2012,1.336
02/04/2012,1.332
03/04/2012,1.332
04/04/2012,1.314
05/04/2012,1.307
10/04/2012,1.311
11/04/2012,1.313
12/04/2012,1.315
13/04/2012,1.315
16/04/2012,1.302
17/04/2012,1.313
18/04/2012,1.309
19/04/2012,1.309
20/04/2012,1.319
23/04/2012,1.313
24/04/2012,1.316
25/04/2012,1.321
26/04/2012,1.322
27/04/2012,1.323
30/04/2012,1.321
02/05/2012,1.313
03/05/2012,1.312
04/05/2012,1.313
07/05/2012,1.303
08/05/2012,1.303
09/05/2012,1.295
10/05/2012,1.296
11/05/2012,1.294
14/05/2012,1.286
15/05/2012,1.284
16/05/2012,1.274
17/05/2012,1.268
18/05/2012,1.272
21/05/2012,1.275
22/05/2012,1.277
23/05/2012,1.266
24/05/2012,1.256
25/05/2012,1.255
28/05/2012,1.257
29/05/2012,1.252
30/05/2012,1.244
31/05/2012,1.24
01/06/2012,1.232
04/06/2012,1.244
05/06/2012,1.243
06/06/2012,1.249
07/06/2012,1.26
08/06/2012,1.247
11/06/2012,1.254
12/06/2012,1.249
13/06/2012,1.253
14/06/2012,1.255
15/06/2012,1.26
18/06/2012,1.262
19/06/2012,1.262
20/06/2012,1.27
21/06/2012,1.267
22/06/2012,1.254
25/06/2012,1.249
26/06/2012,1.248
27/06/2012,1.248
28/06/2012,1.242
29/06/2012,1.259
02/07/2012,1.259
03/07/2012,1.258
04/07/2012,1.256
05/07/2012,1.243
06/07/2012,1.238
09/07/2012,1.229
10/07/2012,1.229
11/07/2012,1.226
12/07/2012,1.218
13/07/2012,1.219
16/07/2012,1.218
17/07/2012,1.228
18/07/2012,1.223
19/07/2012,1.229
20/07/2012,1.22
23/07/2012,1.211
24/07/2012,1.209
25/07/2012,1.213
26/07/2012,1.226
27/07/2012,1.232
30/07/2012,1.225
31/07/2012,1.228
01/08/2012,1.23
02/08/2012,1.235
03/08/2012,1.225
06/08/2012,1.238
07/08/2012,1.244
08/08/2012,1.234
09/08/2012,1.23
10/08/2012,1.226
13/08/2012,1.234
14/08/2012,1.235
15/08/2012,1.228
16/08/2012,1.228
17/08/2012,1.234
20/08/2012,1.23
21/08/2012,1.243
22/08/2012,1.245
23/08/2012,1.255
24/08/2012,1.251
27/08/2012,1.253
28/08/2012,1.255
29/08/2012,1.255
30/08/2012,1.254
31/08/2012,1.261
03/09/2012,1.257
04/09/2012,1.258
05/09/2012,1.258
06/09/2012,1.264
07/09/2012,1.271
10/09/2012,1.278
11/09/2012,1.279
12/09/2012,1.29
13/09/2012,1.291
14/09/2012,1.31
17/09/2012,1.309
18/09/2012,1.305
19/09/2012,1.3
20/09/2012,1.295
21/09/2012,1.299
24/09/2012,1.292
25/09/2012,1.293
26/09/2012,1.285
27/09/2012,1.287
28/09/2012,1.293
01/10/2012,1.288
02/10/2012,1.293
03/10/2012,1.29
04/10/2012,1.295
05/10/2012,1.3
08/10/2012,1.296
09/10/2012,1.295
10/10/2012,1.289
11/10/2012,1.292
12/10/2012,1.297
15/10/2012,1.297
16/10/2012,1.305
17/10/2012,1.312
18/10/2012,1.312
19/10/2012,1.304
22/10/2012,1.306
23/10/2012,1.301
24/10/2012,1.294
25/10/2012,1.299
26/10/2012,1.291
29/10/2012,1.29
30/10/2012,1.296
31/10/2012,1.299
01/11/2012,1.298
02/11/2012,1.285
05/11/2012,1.278
06/11/2012,1.28
07/11/2012,1.275
08/11/2012,1.274
09/11/2012,1.269
12/11/2012,1.274
13/11/2012,1.27
14/11/2012,1.273
15/11/2012,1.276
16/11/2012,1.275
19/11/2012,1.276
20/11/2012,1.281
21/11/2012,1.281
22/11/2012,1.289
23/11/2012,1.291
26/11/2012,1.296
27/11/2012,1.296
28/11/2012,1.289
29/11/2012,1.299
30/11/2012,1.299
03/12/2012,1.306
04/12/2012,1.309
05/12/2012,1.307
06/12/2012,1.307
07/12/2012,1.291
10/12/2012,1.293
11/12/2012,1.299
12/12/2012,1.304
13/12/2012,1.308
14/12/2012,1.308
17/12/2012,1.316
18/12/2012,1.318
19/12/2012,1.33
20/12/2012,1.325
21/12/2012,1.321
24/12/2012,1.322
27/12/2012,1.327
28/12/2012,1.318
31/12/2012,1.319
02/01/2013,1.326
03/01/2013,1.31
04/01/2013,1.301
07/01/2013,1.304
08/01/2013,1.309
09/01/2013,1.306
10/01/2013,1.311
11/01/2013,1.327
14/01/2013,1.334
15/01/2013,1.333
16/01/2013,1.328
17/01/2013,1.337
18/01/2013,1.332
21/01/2013,1.332
22/01/2013,1.332
23/01/2013,1.333
24/01/2013,1.335
25/01/2013,1.347
28/01/2013,1.344
29/01/2013,1.343
30/01/2013,1.354
31/01/2013,1.355
01/02/2013,1.364
04/02/2013,1.355
05/02/2013,1.354
06/02/2013,1.352
07/02/2013,1.355
08/02/2013,1.337
11/02/2013,1.339
12/02/2013,1.344
13/02/2013,1.348
14/02/2013,1.333
15/02/2013,1.333
18/02/2013,1.335
19/02/2013,1.335
20/02/2013,1.337
21/02/2013,1.319
22/02/2013,1.319
25/02/2013,1.33
26/02/2013,1.308
27/02/2013,1.31
28/02/2013,1.313
01/03/2013,1.3
04/03/2013,1.301
05/03/2013,1.303
06/03/2013,1.304
07/03/2013,1.301
08/03/2013,1.309
11/03/2013,1.299
12/03/2013,1.305
13/03/2013,1.298
14/03/2013,1.294
15/03/2013,1.309
18/03/2013,1.293
19/03/2013,1.294
20/03/2013,1.295
21/03/2013,1.291
22/03/2013,1.295
25/03/2013,1.294
26/03/2013,1.286
27/03/2013,1.277
28/03/2013,1.281
02/04/2013,1.284
03/04/2013,1.283
04/04/2013,1.282
05/04/2013,1.294
08/04/2013,1.302
09/04/2013,1.304
10/04/2013,1.309
11/04/2013,1.312
12/04/2013,1.305
15/04/2013,1.308
16/04/2013,1.313
17/04/2013,1.313
18/04/2013,1.305
19/04/2013,1.312
22/04/2013,1.304
23/04/2013,1.299
24/04/2013,1.301
25/04/2013,1.308
26/04/2013,1.3
29/04/2013,1.311
30/04/2013,1.307
02/05/2013,1.319
03/05/2013,1.311
06/05/2013,1.311
07/05/2013,1.311
08/05/2013,1.314
09/05/2013,1.314
10/05/2013,1.299
13/05/2013,1.297
14/05/2013,1.298
15/05/2013,1.286
16/05/2013,1.289
17/05/2013,1.287
20/05/2013,1.285
21/05/2013,1.287
22/05/2013,1.292
23/05/2013,1.289
24/05/2013,1.294
27/05/2013,1.294
28/05/2013,1.294
29/05/2013,1.295
30/05/2013,1.294
31/05/2013,1.301
03/06/2013,1.301
04/06/2013,1.309
05/06/2013,1.307
06/06/2013,1.312
07/06/2013,1.326
10/06/2013,1.321
11/06/2013,1.327
12/06/2013,1.328
13/06/2013,1.332
14/06/2013,1.33
17/06/2013,1.334
18/06/2013,1.337
19/06/2013,1.341
20/06/2013,1.32
21/06/2013,1.318
24/06/2013,1.309
25/06/2013,1.313
26/06/2013,1.302
27/06/2013,1.303
28/06/2013,1.308
01/07/2013,1.304
02/07/2013,1.302
03/07/2013,1.296
04/07/2013,1.298
05/07/2013,1.288
08/07/2013,1.285
09/07/2013,1.286
10/07/2013,1.281
11/07/2013,1.304
12/07/2013,1.303
15/07/2013,1.301
16/07/2013,1.312
17/07/2013,1.314
18/07/2013,1.309
19/07/2013,1.312
22/07/2013,1.317
23/07/2013,1.318
24/07/2013,1.325
25/07/2013,1.32
26/07/2013,1.326
29/07/2013,1.327
30/07/2013,1.328
31/07/2013,1.328
01/08/2013,1.324
02/08/2013,1.32
05/08/2013,1.326
06/08/2013,1.328
07/08/2013,1.331
08/08/2013,1.336
09/08/2013,1.337
12/08/2013,1.328
13/08/2013,1.329
14/08/2013,1.324
15/08/2013,1.33
16/08/2013,1.334
19/08/2013,1.334
20/08/2013,1.339
21/08/2013,1.338
22/08/2013,1.332
23/08/2013,1.336
26/08/2013,1.336
27/08/2013,1.334
28/08/2013,1.335
29/08/2013,1.327
30/08/2013,1.324
02/09/2013,1.321
03/09/2013,1.317
04/09/2013,1.317
05/09/2013,1.32
06/09/2013,1.312
09/09/2013,1.319
10/09/2013,1.324
11/09/2013,1.327
12/09/2013,1.329
13/09/2013,1.33
16/09/2013,1.336
17/09/2013,1.336
18/09/2013,1.335
19/09/2013,1.355
20/09/2013,1.351
23/09/2013,1.351
24/09/2013,1.347
25/09/2013,1.35
26/09/2013,1.35
27/09/2013,1.354
30/09/2013,1.351
01/10/2013,1.355
02/10/2013,1.352
03/10/2013,1.359
04/10/2013,1.359
07/10/2013,1.357
08/10/2013,1.358
09/10/2013,1.352
10/10/2013,1.353
11/10/2013,1.357
14/10/2013,1.356
15/10/2013,1.349
16/10/2013,1.356
17/10/2013,1.366
18/10/2013,1.368
21/10/2013,1.367
22/10/2013,1.367
23/10/2013,1.375
24/10/2013,1.381
25/10/2013,1.378
28/10/2013,1.378
29/10/2013,1.377
30/10/2013,1.376
31/10/2013,1.364
01/11/2013,1.351
04/11/2013,1.351
05/11/2013,1.349
06/11/2013,1.352
07/11/2013,1.337
08/11/2013,1.343
11/11/2013,1.339
12/11/2013,1.343
13/11/2013,1.342
14/11/2013,1.344
15/11/2013,1.346
18/11/2013,1.352
19/11/2013,1.35
20/11/2013,1.353
21/11/2013,1.347
22/11/2013,1.352
25/11/2013,1.351
26/11/2013,1.355
27/11/2013,1.36
28/11/2013,1.359
29/11/2013,1.361
02/12/2013,1.354
03/12/2013,1.358
04/12/2013,1.359
05/12/2013,1.359
06/12/2013,1.366
09/12/2013,1.372
10/12/2013,1.375
11/12/2013,1.377
12/12/2013,1.378
13/12/2013,1.373
16/12/2013,1.378
17/12/2013,1.375
18/12/2013,1.375
19/12/2013,1.367
20/12/2013,1.366
23/12/2013,1.37
24/12/2013,1.368
27/12/2013,1.381
30/12/2013,1.378
31/12/2013,1.379
02/01/2014,1.366
03/01/2014,1.363
06/01/2014,1.36
07/01/2014,1.364
08/01/2014,1.359
09/01/2014,1.361
10/01/2014,1.359
13/01/2014,1.365
14/01/2014,1.367
15/01/2014,1.361
16/01/2014,1.36
17/01/2014,1.358
20/01/2014,1.357
21/01/2014,1.353
22/01/2014,1.357
23/01/2014,1.364
24/01/2014,1.369
27/01/2014,1.366
28/01/2014,1.365
29/01/2014,1.361
30/01/2014,1.357
31/01/2014,1.352
03/02/2014,1.35
04/02/2014,1.352
05/02/2014,1.354
06/02/2014,1.35
07/02/2014,1.357
10/02/2014,1.364
11/02/2014,1.368
12/02/2014,1.357
13/02/2014,1.368
14/02/2014,1.371
17/02/2014,1.37
18/02/2014,1.373
19/02/2014,1.375
20/02/2014,1.371
21/02/2014,1.371
24/02/2014,1.374
25/02/2014,1.375
26/02/2014,1.373
27/02/2014,1.366
28/02/2014,1.381
03/03/2014,1.377
04/03/2014,1.377
05/03/2014,1.373
06/03/2014,1.375
07/03/2014,1.389
10/03/2014,1.388
11/03/2014,1.385
12/03/2014,1.389
13/03/2014,1.394
14/03/2014,1.388
17/03/2014,1.391
18/03/2014,1.39
19/03/2014,1.391
20/03/2014,1.376
21/03/2014,1.378
24/03/2014,1.377
25/03/2014,1.379
26/03/2014,1.379
27/03/2014,1.376
28/03/2014,1.376
31/03/2014,1.379
01/04/2014,1.379
02/04/2014,1.38
03/04/2014,1.377
04/04/2014,1.37
07/04/2014,1.372
08/04/2014,1.377
09/04/2014,1.379
10/04/2014,1.387
11/04/2014,1.387
14/04/2014,1.383
15/04/2014,1.38
16/04/2014,1.384
17/04/2014,1.386
22/04/2014,1.382
23/04/2014,1.383
24/04/2014,1.382
25/04/2014,1.383
28/04/2014,1.386
29/04/2014,1.383
30/04/2014,1.385
02/05/2014,1.386
05/05/2014,1.387
06/05/2014,1.395
07/05/2014,1.393
08/05/2014,1.395
09/05/2014,1.378
12/05/2014,1.377
13/05/2014,1.37
14/05/2014,1.372
15/05/2014,1.366
16/05/2014,1.37
19/05/2014,1.372
20/05/2014,1.37
21/05/2014,1.368
22/05/2014,1.367
23/05/2014,1.363
26/05/2014,1.364
27/05/2014,1.364
28/05/2014,1.361
29/05/2014,1.361
30/05/2014,1.361
02/06/2014,1.361
03/06/2014,1.365
04/06/2014,1.363
05/06/2014,1.357
06/06/2014,1.364
09/06/2014,1.361
10/06/2014,1.355
11/06/2014,1.355
12/06/2014,1.353
13/06/2014,1.353
16/06/2014,1.353
17/06/2014,1.357
18/06/2014,1.356
19/06/2014,1.362
20/06/2014,1.359
23/06/2014,1.36
24/06/2014,1.362
25/06/2014,1.362
26/06/2014,1.361
27/06/2014,1.362
30/06/2014,1.366
01/07/2014,1.369
02/07/2014,1.366
03/07/2014,1.365
04/07/2014,1.359
07/07/2014,1.359
08/07/2014,1.359
09/07/2014,1.36
10/07/2014,1.36
11/07/2014,1.36
14/07/2014,1.363
15/07/2014,1.361
16/07/2014,1.353
17/07/2014,1.353
18/07/2014,1.353
21/07/2014,1.352
22/07/2014,1.348
23/07/2014,1.347
24/07/2014,1.347
25/07/2014,1.344
28/07/2014,1.343
29/07/2014,1.343
30/07/2014,1.34
31/07/2014,1.338
01/08/2014,1.34
04/08/2014,1.342
05/08/2014,1.338
06/08/2014,1.335
07/08/2014,1.337
08/08/2014,1.339
11/08/2014,1.339
12/08/2014,1.335
13/08/2014,1.336
14/08/2014,1.337
15/08/2014,1.339
18/08/2014,1.338
19/08/2014,1.335
20/08/2014,1.328
21/08/2014,1.326
22/08/2014,1.327
25/08/2014,1.32
26/08/2014,1.319
27/08/2014,1.318
28/08/2014,1.318
29/08/2014,1.319
01/09/2014,1.313
02/09/2014,1.312
03/09/2014,1.315
04/09/2014,1.302
05/09/2014,1.295
08/09/2014,1.295
09/09/2014,1.29
10/09/2014,1.293
11/09/2014,1.293
12/09/2014,1.293
15/09/2014,1.291
16/09/2014,1.295
17/09/2014,1.296
18/09/2014,1.287
19/09/2014,1.285
22/09/2014,1.285
23/09/2014,1.289
24/09/2014,1.283
25/09/2014,1.271
26/09/2014,1.273
29/09/2014,1.27
30/09/2014,1.258
01/10/2014,1.26
02/10/2014,1.263
03/10/2014,1.262
06/10/2014,1.257
07/10/2014,1.261
08/10/2014,1.265
09/10/2014,1.276
10/10/2014,1.264
13/10/2014,1.268
14/10/2014,1.265
15/10/2014,1.267
16/10/2014,1.275
17/10/2014,1.282
20/10/2014,1.277
21/10/2014,1.276
22/10/2014,1.269
23/10/2014,1.267
24/10/2014,1.266
27/10/2014,1.268
28/10/2014,1.275
29/10/2014,1.274
30/10/2014,1.26
31/10/2014,1.252
03/11/2014,1.249
04/11/2014,1.251
05/11/2014,1.248
06/11/2014,1.252
07/11/2014,1.239
10/11/2014,1.249
11/11/2014,1.242
12/11/2014,1.247
13/11/2014,1.246
14/11/2014,1.244
17/11/2014,1.25
18/11/2014,1.251
19/11/2014,1.254
20/11/2014,1.254
21/11/2014,1.242
24/11/2014,1.241
25/11/2014,1.242
26/11/2014,1.248
27/11/2014,1.248
28/11/2014,1.248
01/12/2014,1.247
02/12/2014,1.242
03/12/2014,1.233
04/12/2014,1.231
05/12/2014,1.236
08/12/2014,1.226
09/12/2014,1.237
10/12/2014,1.239
11/12/2014,1.243
12/12/2014,1.245
15/12/2014,1.243
16/12/2014,1.254
17/12/2014,1.245
18/12/2014,1.229
19/12/2014,1.228
22/12/2014,1.226
23/12/2014,1.221
24/12/2014,1.222
29/12/2014,1.22
30/12/2014,1.216
31/12/2014,1.214
02/01/2015,1.204
05/01/2015,1.192
06/01/2015,1.191
07/01/2015,1.183
08/01/2015,1.177
09/01/2015,1.181
12/01/2015,1.18
13/01/2015,1.178
14/01/2015,1.178
15/01/2015,1.171
16/01/2015,1.159
19/01/2015,1.161
20/01/2015,1.158
21/01/2015,1.159
22/01/2015,1.162
23/01/2015,1.12
26/01/2015,1.124
27/01/2015,1.131
28/01/2015,1.134
29/01/2015,1.132
30/01/2015,1.131
02/02/2015,1.131
03/02/2015,1.138
04/02/2015,1.145
05/02/2015,1.141
06/02/2015,1.145
09/02/2015,1.128
10/02/2015,1.13
11/02/2015,1.131
12/02/2015,1.133
13/02/2015,1.138
16/02/2015,1.141
17/02/2015,1.142
18/02/2015,1.137
19/02/2015,1.139
20/02/2015,1.13
23/02/2015,1.13
24/02/2015,1.133
25/02/2015,1.135
26/02/2015,1.132
27/02/2015,1.124
02/03/2015,1.123
03/03/2015,1.117
04/03/2015,1.112
05/03/2015,1.107
06/03/2015,1.096
09/03/2015,1.086
10/03/2015,1.074
11/03/2015,1.058
12/03/2015,1.061
13/03/2015,1.057
16/03/2015,1.056
17/03/2015,1.064
18/03/2015,1.059
19/03/2015,1.068
20/03/2015,1.078
23/03/2015,1.091
24/03/2015,1.095
25/03/2015,1.099
26/03/2015,1.097
27/03/2015,1.086
30/03/2015,1.085
31/03/2015,1.076
01/04/2015,1.076
02/04/2015,1.083
07/04/2015,1.085
08/04/2015,1.086
09/04/2015,1.077
10/04/2015,1.057
13/04/2015,1.055
14/04/2015,1.056
15/04/2015,1.058
16/04/2015,1.071
17/04/2015,1.081
20/04/2015,1.072
21/04/2015,1.07
22/04/2015,1.074
23/04/2015,1.077
24/04/2015,1.082
27/04/2015,1.082
28/04/2015,1.093
29/04/2015,1.1
30/04/2015,1.122
04/05/2015,1.115
05/05/2015,1.112
06/05/2015,1.123
07/05/2015,1.131
08/05/2015,1.122
11/05/2015,1.114
12/05/2015,1.124
13/05/2015,1.122
14/05/2015,1.142
15/05/2015,1.133
18/05/2015,1.139
19/05/2015,1.118
20/05/2015,1.112
21/05/2015,1.113
22/05/2015,1.116
25/05/2015,1.098
26/05/2015,1.093
27/05/2015,1.086
28/05/2015,1.09
29/05/2015,1.097
01/06/2015,1.094
02/06/2015,1.103
03/06/2015,1.113
04/06/2015,1.132
05/06/2015,1.122
08/06/2015,1.116
09/06/2015,1.125
10/06/2015,1.128
11/06/2015,1.123
12/06/2015,1.122
15/06/2015,1.122
16/06/2015,1.122
17/06/2015,1.128
18/06/2015,1.14
19/06/2015,1.13
22/06/2015,1.135
23/06/2015,1.12
24/06/2015,1.121
25/06/2015,1.121
26/06/2015,1.12
29/06/2015,1.113
30/06/2015,1.119
01/07/2015,1.11
02/07/2015,1.107
03/07/2015,1.11
06/07/2015,1.101
07/07/2015,1.093
08/07/2015,1.102
09/07/2015,1.105
10/07/2015,1.119
13/07/2015,1.105
14/07/2015,1.103
15/07/2015,1.101
16/07/2015,1.087
17/07/2015,1.089
20/07/2015,1.085
21/07/2015,1.087
22/07/2015,1.09
23/07/2015,1.1
24/07/2015,1.094
27/07/2015,1.106
28/07/2015,1.103
29/07/2015,1.103
30/07/2015,1.096
31/07/2015,1.097
03/08/2015,1.095
04/08/2015,1.097
05/08/2015,1.088
06/08/2015,1.089
07/08/2015,1.094
10/08/2015,1.096
11/08/2015,1.106
12/08/2015,1.116
13/08/2015,1.111
14/08/2015,1.117
17/08/2015,1.11
18/08/2015,1.106
19/08/2015,1.104
20/08/2015,1.118
21/08/2015,1.128
24/08/2015,1.15
25/08/2015,1.151
26/08/2015,1.14
27/08/2015,1.128
28/08/2015,1.127
31/08/2015,1.122
01/09/2015,1.124
02/09/2015,1.126
03/09/2015,1.123
04/09/2015,1.114
07/09/2015,1.115
08/09/2015,1.116
09/09/2015,1.114
10/09/2015,1.119
11/09/2015,1.127
14/09/2015,1.131
15/09/2015,1.132
16/09/2015,1.123
17/09/2015,1.131
18/09/2015,1.142
21/09/2015,1.125
22/09/2015,1.116
23/09/2015,1.115
24/09/2015,1.124
25/09/2015,1.115
28/09/2015,1.117
29/09/2015,1.12
30/09/2015,1.12
01/10/2015,1.115
02/10/2015,1.116
05/10/2015,1.124
06/10/2015,1.122
07/10/2015,1.127
08/10/2015,1.125
09/10/2015,1.136
12/10/2015,1.137
13/10/2015,1.137
14/10/2015,1.141
15/10/2015,1.144
16/10/2015,1.136
19/10/2015,1.133
20/10/2015,1.137
21/10/2015,1.135
22/10/2015,1.131
23/10/2015,1.108
26/10/2015,1.101
27/10/2015,1.106
28/10/2015,1.109
29/10/2015,1.093
30/10/2015,1.102
02/11/2015,1.103
03/11/2015,1.098
04/11/2015,1.094
05/11/2015,1.088
06/11/2015,1.086
09/11/2015,1.078
10/11/2015,1.071
11/11/2015,1.072
12/11/2015,1.073
13/11/2015,1.076
16/11/2015,1.072
17/11/2015,1.067
18/11/2015,1.067
19/11/2015,1.069
20/11/2015,1.069
23/11/2015,1.063
24/11/2015,1.065
25/11/2015,1.059
26/11/2015,1.061
27/11/2015,1.058
30/11/2015,1.058
01/12/2015,1.06
02/12/2015,1.061
03/12/2015,1.067
04/12/2015,1.09
07/12/2015,1.081
08/12/2015,1.088
09/12/2015,1.094
10/12/2015,1.094
11/12/2015,1.095
14/12/2015,1.098
15/12/2015,1.099
16/12/2015,1.093
17/12/2015,1.084
18/12/2015,1.084
21/12/2015,1.087
22/12/2015,1.095
23/12/2015,1.092
24/12/2015,1.095
28/12/2015,1.096
29/12/2015,1.095
30/12/2015,1.093
31/12/2015,1.089
04/01/2016,1.09
05/01/2016,1.075
06/01/2016,1.074
07/01/2016,1.087
08/01/2016,1.086
11/01/2016,1.089
12/01/2016,1.084
13/01/2016,1.082
14/01/2016,1.089
15/01/2016,1.091
18/01/2016,1.089
19/01/2016,1.087
20/01/2016,1.091
21/01/2016,1.089
22/01/2016,1.081
25/01/2016,1.082
26/01/2016,1.084
27/01/2016,1.089
28/01/2016,1.09
29/01/2016,1.092
01/02/2016,1.088
02/02/2016,1.092
03/02/2016,1.093
04/02/2016,1.121
05/02/2016,1.12
08/02/2016,1.11
09/02/2016,1.124
10/02/2016,1.126
11/02/2016,1.135
12/02/2016,1.128
15/02/2016,1.118
16/02/2016,1.117
17/02/2016,1.114
18/02/2016,1.108
19/02/2016,1.11
22/02/2016,1.103
23/02/2016,1.1
24/02/2016,1.098
25/02/2016,1.103
26/02/2016,1.101
29/02/2016,1.089
01/03/2016,1.087
02/03/2016,1.086
03/03/2016,1.09
04/03/2016,1.097
07/03/2016,1.095
08/03/2016,1.103
09/03/2016,1.097
10/03/2016,1.086
11/03/2016,1.109
14/03/2016,1.112
15/03/2016,1.111
16/03/2016,1.106
17/03/2016,1.131
18/03/2016,1.128
21/03/2016,1.127
22/03/2016,1.121
23/03/2016,1.117
24/03/2016,1.115
29/03/2016,1.119
30/03/2016,1.132
31/03/2016,1.139
01/04/2016,1.143
04/04/2016,1.138
05/04/2016,1.137
06/04/2016,1.134
07/04/2016,1.136
08/04/2016,1.136
11/04/2016,1.139
12/04/2016,1.14
13/04/2016,1.13
14/04/2016,1.125
15/04/2016,1.128
18/04/2016,1.131
19/04/2016,1.134
20/04/2016,1.138
21/04/2016,1.136
22/04/2016,1.126
25/04/2016,1.126
26/04/2016,1.129
27/04/2016,1.13
28/04/2016,1.136
29/04/2016,1.14
02/05/2016,1.149
03/05/2016,1.157
04/05/2016,1.151
05/05/2016,1.144
06/05/2016,1.143
09/05/2016,1.14
10/05/2016,1.138
11/05/2016,1.141
12/05/2016,1.139
13/05/2016,1.135
16/05/2016,1.132
17/05/2016,1.132
18/05/2016,1.128
19/05/2016,1.12
20/05/2016,1.122
23/05/2016,1.122
24/05/2016,1.117
25/05/2016,1.115
26/05/2016,1.117
27/05/2016,1.117
30/05/2016,1.114
31/05/2016,1.115
01/06/2016,1.117
02/06/2016,1.119
03/06/2016,1.115
06/06/2016,1.135
07/06/2016,1.135
08/06/2016,1.138
09/06/2016,1.134
10/06/2016,1.13
13/06/2016,1.127
14/06/2016,1.123
15/06/2016,1.123
16/06/2016,1.117
17/06/2016,1.125
20/06/2016,1.133
21/06/2016,1.131
22/06/2016,1.128
23/06/2016,1.139
24/06/2016,1.107
27/06/2016,1.1
28/06/2016,1.107
29/06/2016,1.109
30/06/2016,1.11
01/07/2016,1.114
04/07/2016,1.114
05/07/2016,1.115
06/07/2016,1.107
07/07/2016,1.108
08/07/2016,1.107
11/07/2016,1.105
12/07/2016,1.109
13/07/2016,1.107
14/07/2016,1.116
15/07/2016,1.113
18/07/2016,1.105
19/07/2016,1.104
20/07/2016,1.101
21/07/2016,1.102
22/07/2016,1.101
25/07/2016,1.098
26/07/2016,1.1
27/07/2016,1.099
28/07/2016,1.109
29/07/2016,1.111
01/08/2016,1.116
02/08/2016,1.119
03/08/2016,1.12
04/08/2016,1.114
05/08/2016,1.116
08/08/2016,1.109
09/08/2016,1.108
10/08/2016,1.118
11/08/2016,1.115
12/08/2016,1.116
15/08/2016,1.118
16/08/2016,1.13
17/08/2016,1.128
18/08/2016,1.132
19/08/2016,1.133
22/08/2016,1.131
23/08/2016,1.134
24/08/2016,1.127
25/08/2016,1.129
26/08/2016,1.129
29/08/2016,1.117
30/08/2016,1.117
31/08/2016,1.113
01/09/2016,1.115
02/09/2016,1.119
05/09/2016,1.116
06/09/2016,1.116
07/09/2016,1.124
08/09/2016,1.13
09/09/2016,1.127
12/09/2016,1.123
13/09/2016,1.125
14/09/2016,1.122
15/09/2016,1.125
16/09/2016,1.123
19/09/2016,1.117
20/09/2016,1.118
21/09/2016,1.115
22/09/2016,1.124
23/09/2016,1.121
26/09/2016,1.126
27/09/2016,1.122
28/09/2016,1.123
29/09/2016,1.122
30/09/2016,1.116
03/10/2016,1.124
04/10/2016,1.116
05/10/2016,1.121
06/10/2016,1.119
07/10/2016,1.114
10/10/2016,1.116
11/10/2016,1.108
12/10/2016,1.102
13/10/2016,1.104
14/10/2016,1.1
17/10/2016,1.099
18/10/2016,1.099
19/10/2016,1.098
20/10/2016,1.098
21/10/2016,1.089
24/10/2016,1.089
25/10/2016,1.087
26/10/2016,1.093
27/10/2016,1.093
28/10/2016,1.092
31/10/2016,1.095
01/11/2016,1.103
02/11/2016,1.11
03/11/2016,1.106
04/11/2016,1.109
07/11/2016,1.106
08/11/2016,1.104
09/11/2016,1.102
10/11/2016,1.09
11/11/2016,1.09
14/11/2016,1.078
15/11/2016,1.077
16/11/2016,1.07
17/11/2016,1.072
18/11/2016,1.063
21/11/2016,1.063
22/11/2016,1.062
23/11/2016,1.06
24/11/2016,1.055
25/11/2016,1.059
28/11/2016,1.059
29/11/2016,1.058
30/11/2016,1.064
01/12/2016,1.063
02/12/2016,1.064
05/12/2016,1.07
06/12/2016,1.073
07/12/2016,1.073
08/12/2016,1.076
09/12/2016,1.056
12/12/2016,1.06
13/12/2016,1.061
14/12/2016,1.064
15/12/2016,1.042
16/12/2016,1.044
19/12/2016,1.042
20/12/2016,1.036
21/12/2016,1.042
22/12/2016,1.044
23/12/2016,1.045
27/12/2016,1.045
28/12/2016,1.04
29/12/2016,1.045
30/12/2016,1.054
02/01/2017,1.047
03/01/2017,1.039
04/01/2017,1.044
05/01/2017,1.05
06/01/2017,1.059
09/01/2017,1.052
10/01/2017,1.057
11/01/2017,1.05
12/01/2017,1.068
13/01/2017,1.066
16/01/2017,1.059
17/01/2017,1.068
18/01/2017,1.066
19/01/2017,1.067
20/01/2017,1.063
23/01/2017,1.072
24/01/2017,1.075
25/01/2017,1.074
26/01/2017,1.07
27/01/2017,1.068
30/01/2017,1.063
31/01/2017,1.076
01/02/2017,1.079
02/02/2017,1.081
03/02/2017,1.074
06/02/2017,1.071
07/02/2017,1.068
08/02/2017,1.067
09/02/2017,1.069
10/02/2017,1.063
13/02/2017,1.063
14/02/2017,1.062
15/02/2017,1.056
16/02/2017,1.065
17/02/2017,1.065
20/02/2017,1.062
21/02/2017,1.054
22/02/2017,1.051
23/02/2017,1.057
24/02/2017,1.061
27/02/2017,1.059
28/02/2017,1.06
01/03/2017,1.053
02/03/2017,1.051
03/03/2017,1.057
06/03/2017,1.059
07/03/2017,1.058
08/03/2017,1.056
09/03/2017,1.055
10/03/2017,1.061
13/03/2017,1.066
14/03/2017,1.063
15/03/2017,1.062
16/03/2017,1.073
17/03/2017,1.074
20/03/2017,1.075
21/03/2017,1.08
22/03/2017,1.081
23/03/2017,1.079
24/03/2017,1.081
27/03/2017,1.089
28/03/2017,1.086
29/03/2017,1.075
30/03/2017,1.074
31/03/2017,1.069
03/04/2017,1.066
04/04/2017,1.065
05/04/2017,1.068
06/04/2017,1.067
07/04/2017,1.063
10/04/2017,1.058
11/04/2017,1.062
12/04/2017,1.061
13/04/2017,1.063
18/04/2017,1.068
19/04/2017,1.073
20/04/2017,1.075
21/04/2017,1.07
24/04/2017,1.085
25/04/2017,1.089
26/04/2017,1.089
27/04/2017,1.088
28/04/2017,1.093
02/05/2017,1.092
03/05/2017,1.092
04/05/2017,1.093
05/05/2017,1.096
08/05/2017,1.094
09/05/2017,1.089
10/05/2017,1.088
11/05/2017,1.086
12/05/2017,1.088
15/05/2017,1.097
16/05/2017,1.106
17/05/2017,1.112
18/05/2017,1.113
19/05/2017,1.118
22/05/2017,1.124
23/05/2017,1.122
24/05/2017,1.119
25/05/2017,1.121
26/05/2017,1.12
29/05/2017,1.119
30/05/2017,1.117
31/05/2017,1.122
01/06/2017,1.122
02/06/2017,1.122
05/06/2017,1.125
06/06/2017,1.126
07/06/2017,1.122
08/06/2017,1.123
09/06/2017,1.118
12/06/2017,1.122
13/06/2017,1.122
14/06/2017,1.12
15/06/2017,1.117
16/06/2017,1.117
19/06/2017,1.12
20/06/2017,1.116
21/06/2017,1.115
22/06/2017,1.117
23/06/2017,1.117
26/06/2017,1.119
27/06/2017,1.128
28/06/2017,1.138
29/06/2017,1.141
30/06/2017,1.141
03/07/2017,1.137
04/07/2017,1.135
05/07/2017,1.133
06/07/2017,1.139
07/07/2017,1.141
10/07/2017,1.139
11/07/2017,1.141
12/07/2017,1.145
13/07/2017,1.142
14/07/2017,1.142
17/07/2017,1.146
18/07/2017,1.156
19/07/2017,1.153
20/07/2017,1.149
21/07/2017,1.164
24/07/2017,1.165
25/07/2017,1.169
26/07/2017,1.164
27/07/2017,1.169
28/07/2017,1.173
31/07/2017,1.173
01/08/2017,1.181
02/08/2017,1.183
03/08/2017,1.186
04/08/2017,1.187
07/08/2017,1.18
08/08/2017,1.181
09/08/2017,1.173
10/08/2017,1.173
11/08/2017,1.177
14/08/2017,1.18
15/08/2017,1.174
16/08/2017,1.171
17/08/2017,1.17
18/08/2017,1.174
21/08/2017,1.176
22/08/2017,1.177
23/08/2017,1.18
24/08/2017,1.181
25/08/2017,1.181
28/08/2017,1.193
29/08/2017,1.205
30/08/2017,1.192
31/08/2017,1.183
01/09/2017,1.192
04/09/2017,1.191
05/09/2017,1.189
06/09/2017,1.193
07/09/2017,1.197
08/09/2017,1.206
11/09/2017,1.2
12/09/2017,1.193
13/09/2017,1.198
14/09/2017,1.189
15/09/2017,1.196
18/09/2017,1.195
19/09/2017,1.197
20/09/2017,1.201
21/09/2017,1.191
22/09/2017,1.196
25/09/2017,1.187
26/09/2017,1.179
27/09/2017,1.174
28/09/2017,1.178
29/09/2017,1.181
02/10/2017,1.174
03/10/2017,1.175
04/10/2017,1.179
05/10/2017,1.174
06/10/2017,1.171
